Наименование товаров,Тара,в пал.,Вес,Цена
01. Стеновые блоки,,,,
1 Блок 1/2 390х120х88,,,,
Бетонный блок 1/2 390x120x88 серый (базовый),Поддон 120*80,192,6.4,"35,00"
Бетонный блок 1/2 390x120x88 Rio,Поддон 120*80,192,6.4,"41,00"
Бетонный блок 1/2 390x120x88 бежевый № 960,Поддон 120*80,192,6.4,"41,00"
Бетонный блок 1/2 390x120x88 Белый,Поддон 120*80,192,6.4,"46,00"
Бетонный блок 1/2 390x120x88 коричневый № 655,Поддон 120*80,192,6.4,"41,00"
Бетонный блок 1/2 390x120x88 красн № 130,Поддон 120*80,192,6.4,"41,00"
Бетонный блок 1/2 390x120x88 оливковый 420,Поддон 120*80,192,6.4,"41,00"
Бетонный блок 1/2 390x120x88 терракота 503,Поддон 120*80,192,6.4,"41,00"
Бетонный блок 1/2 390x120x88 черный № 330,Поддон 120*80,192,6.4,"41,00"
"Бетонный блок 1/2 390x120x88 элит (1%-420, 0,3%-960)",Поддон 120*80,192,6.4,"54,00"
2 Блок колотый 1/2 188х120х190,,,,
Бетонный блок колотый 1/2 188x120x190 серый (базовый),Поддон 120*80,180,6.2,"36,00"
Бетонный блок колотый 1/2 188x120x190 Rio,Поддон 120*80,180,6.2,"42,00"
Бетонный блок колотый 1/2 188x120x190 бежевый № 960,Поддон 120*80,180,6.2,"42,00"
Бетонный блок колотый 1/2 188x120x190 черный № 330,Поддон 120*80,180,6.2,"42,00"
Бетонный блок колотый 1/2 188x120x190 Белый,Поддон 120*80,180,6.2,"58,00"
Бетонный блок колотый 1/2 188x120x190 коричневый № 655,Поддон 120*80,180,6.2,"42,00"
Бетонный блок колотый 1/2 188x120x190 красн № 130,Поддон 120*80,180,6.2,"42,00"
Бетонный блок колотый 1/2 188x120x190 оливковый 420,Поддон 120*80,180,6.2,"42,00"
Бетонный блок колотый 1/2 188x120x190 терракота 503,Поддон 120*80,180,6.2,"42,00"
"Бетонный блок колотый 1/2 188x120x190 элит (1%-420, 0,3%-960)",Поддон 120*80,180,6.2,"68,00"
Бетонный блок колотый 1/2 188x120x190 элит (2% - 420),Поддон 120*80,180,6.2,"68,00"
3 Блок 1/4 188х120х88,,,,
_Бетонный блок 1/4 188x120x88 серый (базовый),Поддон 120*80,384,3.1,"18,00"
Бетонный блок 1/4 188x120x88 Rio,Поддон 120*80,384,3.1,"23,00"
Бетонный блок 1/4 188x120x88 бежевый № 960,Поддон 120*80,384,3.1,"23,00"
Бетонный блок 1/4 188x120x88 Белый,Поддон 120*80,384,3.1,"29,00"
Бетонный блок 1/4 188x120x88 коричневый № 655,Поддон 120*80,384,3.1,"23,00"
Бетонный блок 1/4 188x120x88 красн № 130,Поддон 120*80,384,3.1,"23,00"
Бетонный блок 1/4 188x120x88 оливковый 420,Поддон 120*80,384,3.1,"23,00"
Бетонный блок 1/4 188x120x88 терракота 503,Поддон 120*80,384,3.1,"23,00"
Бетонный блок 1/4 188x120x88 черный № 330,Поддон 120*80,384,3.1,"23,00"
"Бетонный блок 1/4 188x120x88 элит (1%-420, 0,3%-960)",Поддон 120*80,384,3.1,"34,00"
Блок 39х19х10,,,,
_Бетонный блок 39x19x10 серый (базовый),Поддон 120*80,120,10,"38,00"
Бетонный блок 39x19x10 бежевый № 960,Поддон 120*80,120,10,"44,00"
Бетонный блок 39x19x10 Белый,Поддон 120*80,120,10,"62,00"
Бетонный блок 39x19x10 коричневый № 655,Поддон 120*80,120,10,"44,00"
Бетонный блок 39x19x10 кофе+молоко F8000,Поддон 120*80,120,10,"44,00"
Бетонный блок 39x19x10 красн № 130,Поддон 120*80,120,10,"44,00"
Бетонный блок 39x19x10 оливковый 420,Поддон 120*80,120,10,"44,00"
Бетонный блок 39x19x10 терракота 503,Поддон 120*80,120,10,"44,00"
Бетонный блок 39x19x10 черный № 330,Поддон 120*80,120,10,"44,00"
"Бетонный блок 39x19x10 Элит ( 0,3% -960, 0,7% -420)",Поддон 120*80,120,10,"69,00"
"Бетонный блок 39x19x10 Элит ( 0,3% -960, 1% -420)",Поддон 120*80,120,10,"69,00"
"Бетонный блок 39x19x10 Элит ( 0,7% -960,0,3% -420)",Поддон 120*80,120,10,"69,00"
Бетонный блок 39x19x10 Элит ( 2%-420),Поддон 120*80,120,10,"69,00"
"Бетонный блок 39x19x10 Элит (0,3%-420)",Поддон 120*80,120,10,"69,00"
"Бетонный блок 39x19x10 Элит (0,5%-420)",Поддон 120*80,120,10,"69,00"
"Бетонный блок 39x19x10 Элит (0,8%-420)",Поддон 120*80,120,10,"69,00"
Бетонный блок 39x19x10 элит (2% - 503),Поддон 120*80,120,10,"69,00"
Бетонный блок 39x19x10 Элит (2%-130),Поддон 120*80,120,10,"69,00"
Бетонный блок 39x19x10 Элит (2%-960),Поддон 120*80,120,10,"69,00"
Блок 39х19х12,,,,
_Бетонный блок 39х19х12 серый (базовый),Поддон 120*80,96,12,"52,00"
Бетонный блок 39х19х12 бежевый № 960,Поддон 120*80,96,12,"62,00"
Бетонный блок 39х19х12 Белый,Поддон 120*80,96,12,"86,00"
Бетонный блок 39х19х12 коричневый № 655,Поддон 120*80,96,12,"62,00"
Бетонный блок 39х19х12 кофе+молоко F8000,Поддон 120*80,96,12,"62,00"
Бетонный блок 39х19х12 красн № 130,Поддон 120*80,96,12,"62,00"
Бетонный блок 39х19х12 оливковый №420,Поддон 120*80,96,12,"62,00"
Бетонный блок 39х19х12 терракота № 503,Поддон 120*80,96,12,"62,00"
Бетонный блок 39х19х12 черный № 330,Поддон 120*80,96,12,"62,00"
"Бетонный блок 39х19х12 Элит (0,3%-420, 0,7%-960)",Поддон 120*80,96,12,"96,00"
"Бетонный блок 39х19х12 Элит (0,3%-960, 0,7%-420)",Поддон 120*80,96,12,"96,00"
Бетонный блок 39х19х12 Элит (0.8%-420),Поддон 120*80,96,12,"96,00"
Бетонный блок 39х19х12 элит (2% - 503),Поддон 120*80,96,12,"96,00"
"Бетонный блок 39х19х12 Элит (420 - 1%), (960-0,3%)",Поддон 120*80,96,12,"96,00"
"Бетонный блок 39х19х12 Элит 0,3%-960",Поддон 120*80,96,12,"96,00"
Бетонный блок 39х19х12 Элит 130-(%2),Поддон 120*80,96,12,"96,00"
Бетонный блок 39х19х12 Элит 2%-960,Поддон 120*80,96,12,"96,00"
"Бетонный блок 39х19х12 Элит 420 (0,1%)",Поддон 120*80,96,12,"96,00"
"Бетонный блок 39х19х12 Элит 420 (0,3%)",Поддон 120*80,96,12,"96,00"
Бетонный блок 39х19х12 Элит 420 (2%),Поддон 120*80,96,12,"96,00"
Блок 39х19х19,,,,
_Бетонный блок 39x19x19 серый (базовый),Поддон 120*80,60,18,"72,00"
Бетонный блок 39x19x19 бежевый № 960,Поддон 120*80,60,18,"90,00"
Бетонный блок 39x19x19 Белый,Поддон 120*80,60,18,"107,00"
Бетонный блок 39x19x19 коричневый № 655,Поддон 120*80,60,18,"90,00"
Бетонный блок 39x19x19 кофе+молоко F8000,Поддон 120*80,60,18,"90,00"
Бетонный блок 39x19x19 красн № 130,Поддон 120*80,60,18,"90,00"
Бетонный блок 39x19x19 красн № 130 (3%),Поддон 120*80,60,18,"120,00"
Бетонный блок 39x19x19 оливковый № 420,Поддон 120*80,60,18,"90,00"
Бетонный блок 39x19x19 терракота № 503,Поддон 120*80,60,18,"90,00"
Бетонный блок 39x19x19 черный № 330,Поддон 120*80,60,18,"90,00"
"Бетонный блок 39x19x19 элит ( 0,7%-960, 0,3%-420)",Поддон 120*80,60,18,"120,00"
"Бетонный блок 39x19x19 элит (1%-420, 0,3%-960)",Поддон 120*80,60,18,"120,00"
Бетонный блок 39x19x19 элит (2% - 420),Поддон 120*80,60,18,"120,00"
Бетонный блок 39x19x19 элит (2% - 503),Поддон 120*80,60,18,"120,00"
"Блок ""Столб"" 30х30х30",,,,
"_Бетонный блок ""Столб"" 30х30х30 серый (базовый)",Поддон 120*80,36,30,"142,00"
"Бетонный блок ""Столб"" 30х30х30 бежевый № 960",Поддон 120*80,36,30,"167,00"
"Бетонный блок ""Столб"" 30х30х30 Белый",Поддон 120*80,36,30,"210,00"
"Бетонный блок ""Столб"" 30х30х30 коричневый № 655",Поддон 120*80,36,30,"167,00"
"Бетонный блок ""Столб"" 30х30х30 кофе+молоко F8000",Поддон 120*80,36,30,"167,00"
"Бетонный блок ""Столб"" 30х30х30 красн № 130",Поддон 120*80,36,30,"167,00"
"Бетонный блок ""Столб"" 30х30х30 оливковый 420",Поддон 120*80,36,30,"167,00"
"Бетонный блок ""Столб"" 30х30х30 терракота № 503",Поддон 120*80,36,30,"167,00"
"Бетонный блок ""Столб"" 30х30х30 черный № 330",Поддон 120*80,36,30,"167,00"
"Бетонный блок ""Столб"" 30х30х30 элит (0,7%- 960, 0,3%- 420)",Поддон 120*80,36,30,"231,00"
"Бетонный блок ""Столб"" 30х30х30 Элит (0.8%-420)",Поддон 120*80,36,30,"231,00"
"Бетонный блок ""Столб"" 30х30х30 Элит (1%-420, 0,3%-960)",Поддон 120*80,36,30,"231,00"
"Бетонный блок ""Столб"" 30х30х30 Элит (130-2%)",Поддон 120*80,36,30,"231,00"
"Бетонный блок ""Столб"" 30х30х30 элит (2% - 420)",Поддон 120*80,36,30,"231,00"
"Бетонный блок ""Столб"" 30х30х30 элит (2% - 503)",Поддон 120*80,36,30,"231,00"
"Бетонный блок ""Столб"" 30х30х30 Элит (2%-960)",Поддон 120*80,36,30,"231,00"
"Блок ""Столб"" круглый",,,,
"_Бетонный блок ""Столб"" круглый серый (базовый)",Поддон 120*80,36,27,"142,00"
"Бетонный блок ""Столб"" круглый бежевый № 960",Поддон 120*80,36,27,"167,00"
"Бетонный блок ""Столб"" круглый Белый",Поддон 120*80,36,27,"210,00"
"Бетонный блок ""Столб"" круглый красн № 130",Поддон 120*80,36,27,"167,00"
"Бетонный блок ""Столб"" круглый оливковый 420",Поддон 120*80,36,27,"167,00"
"Бетонный блок ""Столб"" круглый терракота № 503",Поддон 120*80,36,27,"167,00"
"Бетонный блок ""Столб"" круглый Элит (1%-420, 0,3%-960)",Поддон 120*80,36,27,"231,00"
"Бетонный блок ""Столб"" круглый элит (2% - 420)",Поддон 120*80,36,27,"231,00"
"Бетонный блок ""Столб"" круглый элит (2% - 503)",Поддон 120*80,36,27,"231,00"
"Бетонный блок ""Столб"" круглый коричневый 655",Поддон 120*80,36,27,"167,00"
Блок колотый 39х19х12,,,,
_Бетонный блок колотый 39х19х12 серый (базовый),Поддон 120*80,96,12,"70,00"
Бетонный блок колотый 390x120x190 Rio,Поддон 120*80,96,12,"82,00"
Бетонный блок колотый 39х19х12 бежевый № 960,Поддон 120*80,96,12,"82,00"
Бетонный блок колотый 39х19х12 Белый,Поддон 120*80,96,12,"113,00"
Бетонный блок колотый 39х19х12 коричневый № 655,Поддон 120*80,96,12,"82,00"
Бетонный блок колотый 39х19х12 кофе+молоко F8000,Поддон 120*80,96,12,"82,00"
Бетонный блок колотый 39х19х12 красн № 130,Поддон 120*80,96,12,"82,00"
Бетонный блок колотый 39х19х12 оливковый № 420,Поддон 120*80,96,12,"82,00"
Бетонный блок колотый 39х19х12 Темно-серый,Поддон 120*80,96,12,"78,00"
Бетонный блок колотый 39х19х12 терракота № 503,Поддон 120*80,96,12,"82,00"
Бетонный блок колотый 39х19х12 черный № 330,Поддон 120*80,96,12,"82,00"
"Бетонный блок колотый 39х19х12 Элит (0,3%-420)",Поддон 120*80,96,12,"134,00"
"Бетонный блок колотый 39х19х12 Элит (0,5%-420)",Поддон 120*80,96,12,"134,00"
"Бетонный блок колотый 39х19х12 Элит (0,8%-420)",Поддон 120*80,96,12,"134,00"
"Бетонный блок колотый 39х19х12 Элит (1%-420, 0.3%-960)",Поддон 120*80,96,12,"134,00"
Бетонный блок колотый 39х19х12 Элит (130-2%),Поддон 120*80,96,12,"134,00"
Бетонный блок колотый 39х19х12 элит (2% - 420),Поддон 120*80,96,12,"134,00"
Бетонный блок колотый 39х19х12 элит (2% - 503),Поддон 120*80,96,12,"134,00"
Бетонный блок колотый 39х19х12 Элит (2%-960),Поддон 120*80,96,12,"134,00"
"Бетонный блок колотый 39х19х12 Элит 0,7% №960 ,0,3% №420",Поддон 120*80,96,12,"134,00"
Полублок столба колотый,,,,
_Полублок столба колотый 190х190х190мм серый (базовый),Поддон 120*80,96,11,"66,00"
Полублок столба колотый 190х190х190мм красн № 130,Поддон 120*80,96,11,"80,00"
Полублок столба колотый 190х190х190мм бежевый № 960,Поддон 120*80,96,11,"80,00"
Полублок столба колотый 190х190х190мм Белый,Поддон 120*80,96,11,"99,00"
Полублок столба колотый 190х190х190мм коричневый № 655,Поддон 120*80,96,11,"80,00"
Полублок столба колотый 190х190х190мм оливковый 420,Поддон 120*80,96,11,"80,00"
Полублок столба колотый 190х190х190мм терракота 503,Поддон 120*80,96,11,"80,00"
Полублок столба колотый 190х190х190мм черный № 330,Поддон 120*80,96,11,"80,00"
Полублок столба колотый 190х190х190мм элит Элит (2%-130),Поддон 120*80,96,11,"113,00"
"Полублок столба колотый 190х190х190мм элит (1%-420, 0,3%-960)",Поддон 120*80,96,11,"113,00"
Полублок столба колотый 190х190х190мм элит (2% - 420),Поддон 120*80,96,11,"113,00"
Полублок столба колотый 190х190х190мм элит (2% - 503),Поддон 120*80,96,11,"113,00"
02. МАФ,,,,
Крышка заборная 20х6х22 колотая,,,,
_Крышка заборная 20х6х22 колотая серый (базовый),Поддон 120*80,132,5.8,"113,00"
Крышка заборная 20х6х22 колотая бежевый № 960,Поддон 120*80,132,5.8,"130,00"
Крышка заборная 20х6х22 колотая Белый,Поддон 120*80,132,5.8,"157,00"
Крышка заборная 20х6х22 колотая коричневый № 655,Поддон 120*80,132,5.8,"130,00"
Крышка заборная 20х6х22 колотая кофе+молоко F8000,Поддон 120*80,132,5.8,"130,00"
Крышка заборная 20х6х22 колотая красн № 130,Поддон 120*80,132,5.8,"130,00"
Крышка заборная 20х6х22 колотая оливковый № 420,Поддон 120*80,132,5.8,"130,00"
Крышка заборная 20х6х22 колотая терракот № 503,Поддон 120*80,132,5.8,"130,00"
Крышка заборная 20х6х22 колотая черный № 330,Поддон 120*80,132,5.8,"130,00"
"Крышка заборная 20х6х22 колотая Элит (0,3%-420, 0,7%-960)",Поддон 120*80,132,5.8,"176,00"
"Крышка заборная 20х6х22 колотая Элит (0,7%-420, 0,3%-960)",Поддон 120*80,132,5.8,"176,00"
Крышка заборная 20х6х22 колотая элит (2% - 420),Поддон 120*80,132,5.8,"176,00"
Крышка заборная 40х4х15 закругл.,,,,
_Крышка заборная 40х4х15 закругл. серый (базовый),Поддон 120*80,155,5.5,"90,00"
Крышка заборная 40х4х15 закругл. бежевый № 960,Поддон 120*80,155,5.5,"105,00"
Крышка заборная 40х4х15 закругл. Белый,Поддон 120*80,155,5.5,"124,00"
Крышка заборная 40х4х15 закругл. коричневый № 655,Поддон 120*80,155,5.5,"105,00"
Крышка заборная 40х4х15 закругл. кофе+молоко F8000,Поддон 120*80,155,5.5,"105,00"
Крышка заборная 40х4х15 закругл. красн № 130,Поддон 120*80,155,5.5,"105,00"
Крышка заборная 40х4х15 закругл. оливковый № 420,Поддон 120*80,155,5.5,"105,00"
Крышка заборная 40х4х15 закругл. терракот № 503,Поддон 120*80,155,5.5,"105,00"
Крышка заборная 40х4х15 закругл. черный № 330,Поддон 120*80,155,5.5,"105,00"
"Крышка заборная 40х4х15 закругл. элит (0,7%- 960, 0,3%- 420)",Поддон 120*80,155,5.5,"143,00"
"Крышка заборная 40х4х15 закругл. Элит (1%-420, 0,3%-960)",Поддон 120*80,155,5.5,"143,00"
Крышка заборная 40х4х15 закругл. элит (2% - 420),Поддон 120*80,155,5.5,"143,00"
Крышка заборная 40х4х15 закругл. элит (2% - 503),Поддон 120*80,155,5.5,"143,00"
Крышка заборная 40х4х15 прямая,,,,
_Крышка заборная 40х4х15 прямая серый (базовый),Поддон 120*80,155,5.4,"61,00"
Крышка заборная 40х4х15 прямая бежевый № 960,Поддон 120*80,155,5.4,"72,00"
Крышка заборная 40х4х15 прямая Белый,Поддон 120*80,155,5.4,"75,00"
Крышка заборная 40х4х15 прямая коричневый № 655,Поддон 120*80,155,5.4,"72,00"
Крышка заборная 40х4х15 прямая кофе+молоко F8000,Поддон 120*80,155,5.4,"72,00"
Крышка заборная 40х4х15 прямая красн № 130,Поддон 120*80,155,5.4,"72,00"
Крышка заборная 40х4х15 прямая оливковый № 420,Поддон 120*80,155,5.4,"72,00"
Крышка заборная 40х4х15 прямая терракот № 503,Поддон 120*80,155,5.4,"72,00"
Крышка заборная 40х4х15 прямая черный № 330,Поддон 120*80,155,5.4,"72,00"
Крышка заборная 40х4х15 с фаской,,,,
_Крышка заборная 40х4х15 с фаской серый (базовый),Поддон 120*80,155,5.3,"81,00"
Крышка заборная 40х4х15 с фаской бежевый № 960,Поддон 120*80,155,5.3,"99,00"
Крышка заборная 40х4х15 с фаской Белый,Поддон 120*80,155,5.3,"117,00"
Крышка заборная 40х4х15 с фаской коричневый № 655,Поддон 120*80,155,5.3,"99,00"
Крышка заборная 40х4х15 с фаской кофе+молоко F8000,Поддон 120*80,155,5.3,"99,00"
Крышка заборная 40х4х15 с фаской красн № 130,Поддон 120*80,155,5.3,"99,00"
Крышка заборная 40х4х15 с фаской оливковый № 420,Поддон 120*80,155,5.3,"99,00"
Крышка заборная 40х4х15 с фаской терракот № 503,Поддон 120*80,155,5.3,"99,00"
Крышка заборная 40х4х15 с фаской черный № 330,Поддон 120*80,155,5.3,"99,00"
"Крышка заборная 40х4х15 с фаской элит (1%-420, 0,3%-960)",Поддон 120*80,155,5.3,"135,00"
Крышка заборная 40х4х15 с фаской элит (2% - 420),Поддон 120*80,155,5.3,"135,00"
Крышка заборная 40х4х15 с фаской элит (2% - 503),Поддон 120*80,155,5.3,"135,00"
Крышка заборная 50х5х25,,,,
_Крышка заборная 50х5х25 серый (базовый),Поддон 120*80,70,12,"166,00"
Крышка заборная 50х5х25 бежевый № 960,Поддон 120*80,70,12,"211,00"
Крышка заборная 50х5х25 Белый,Поддон 120*80,70,12,"252,00"
Крышка заборная 50х5х25 коричневый № 655,Поддон 120*80,70,12,"211,00"
Крышка заборная 50х5х25 кофе+молоко F8000,Поддон 120*80,70,12,"211,00"
Крышка заборная 50х5х25 красн № 130,Поддон 120*80,70,12,"211,00"
Крышка заборная 50х5х25 оливковый № 420,Поддон 120*80,70,12,"211,00"
Крышка заборная 50х5х25 терракот № 503,Поддон 120*80,70,12,"211,00"
Крышка заборная 50х5х25 черный № 330,Поддон 120*80,70,12,"211,00"
"Крышка заборная 50х5х25 элит (0,7%- 960, 0,3%- 420)",Поддон 120*80,70,12,"276,00"
"Крышка заборная 50х5х25 элит (1%-420, 0,3%-960)",Поддон 120*80,70,12,"276,00"
Крышка заборная 50х5х25 элит (2% - 420),Поддон 120*80,70,12,"276,00"
Крышка заборная 50х5х25 элит (2% - 503),Поддон 120*80,70,12,"276,00"
Крышка заборная 50х5х25 Элит (2%-130),Поддон 120*80,70,12,"276,00"
Крышка заборная 35х50х9 двускатная,,,,
_Крышка заборная 35х50х9 двускатная серый (базовый),Поддон 120*80,32,23.75,"280,00"
Крышка заборная 35х50х9 двускатная бежевый № 960,Поддон 120*80,32,23.75,"321,00"
Крышка заборная 35х50х9 двускатная Белый,Поддон 120*80,32,23.75,"395,00"
Крышка заборная 35х50х9 двускатная коричневый № 655,Поддон 120*80,32,23.75,"321,00"
Крышка заборная 35х50х9 двускатная кофе+молоко F8000,Поддон 120*80,32,23.75,"321,00"
Крышка заборная 35х50х9 двускатная красн № 130,Поддон 120*80,32,23.75,"321,00"
Крышка заборная 35х50х9 двускатная оливковый 420,Поддон 120*80,32,23.75,"321,00"
Крышка заборная 35х50х9 двускатная терракота 503,Поддон 120*80,32,23.75,"321,00"
Крышка заборная 35х50х9 двускатная черный № 330,Поддон 120*80,32,23.75,"321,00"
"Крышка заборная 35х50х9 двускатная элит (0,7%- 960, 0,3%- 420)",Поддон 120*80,32,23.75,"433,00"
"Крышка заборная 35х50х9 двускатная элит (1%-420, 0,3%-960)",Поддон 120*80,32,23.75,"433,00"
Крышка заборная 35х50х9 двускатная элит (2% - 420),Поддон 120*80,32,23.75,"433,00"
Крышка заборная 35х50х9 двускатная элит (2% - 503),Поддон 120*80,32,23.75,"433,00"
Крышка заборная 39х29х6,,,,
"Крышка заборная 39х29х6 Элит (0,5%-420)",,56,12.25,"132,00"
"Крышка заборная 39х29х6 Элит (0,8%-420)",,56,12.25,"132,00"
Крышка заборная 40х5х17 двускатная,,,,
_Крышка заборная 40х5х17 двускатная серый (базовый),Поддон 120*80,98,6.75,"95,00"
Крышка заборная 40х5х17 двускатная бежевый № 960,Поддон 120*80,98,6.75,"114,00"
Крышка заборная 40х5х17 двускатная Белый,Поддон 120*80,98,6.75,"142,00"
Крышка заборная 40х5х17 двускатная коричневый № 655,Поддон 120*80,98,6.75,"114,00"
Крышка заборная 40х5х17 двускатная кофе+молоко F8000,Поддон 120*80,98,6.75,"114,00"
Крышка заборная 40х5х17 двускатная красн № 130,Поддон 120*80,98,6.75,"114,00"
Крышка заборная 40х5х17 двускатная оливковый 420,Поддон 120*80,98,6.75,"114,00"
Крышка заборная 40х5х17 двускатная терракота 503,Поддон 120*80,98,6.75,"114,00"
Крышка заборная 40х5х17 двускатная черный № 330,Поддон 120*80,98,6.75,"114,00"
Крышка заборная 40х5х17 двускатная Элит (0.8%-420),Поддон 120*80,98,6.75,"164,00"
"Крышка заборная 40х5х17 двускатная элит (1%-420, 0,3%-960)",Поддон 120*80,98,6.75,"164,00"
Крышка заборная 40х5х17 двускатная элит (2% - 420),Поддон 120*80,98,6.75,"164,00"
Крышка заборная 40х5х17 двускатная элит (2% - 503),Поддон 120*80,98,6.75,"164,00"
Крышка заборная 40х5х17 двускатная Элит (2%-130),Поддон 120*80,98,6.75,"164,00"
Крышка заборная 40х5х17 двускатная Элит (2%-960),Поддон 120*80,98,6.75,"164,00"
Крышка заборная 40х5х17 закругленная,,,,
_Крышка заборная 40х5х17 закругл серый (базовый),Поддон 120*80,145,5,"95,00"
Крышка заборная 40х5х17 закругл бежевый № 960,Поддон 120*80,145,5,"114,00"
Крышка заборная 40х5х17 закругл Белый,Поддон 120*80,145,5,"142,00"
Крышка заборная 40х5х17 закругл коричневый № 655,Поддон 120*80,145,5,"114,00"
Крышка заборная 40х5х17 закругл кофе+молоко F8000,Поддон 120*80,145,5,"114,00"
Крышка заборная 40х5х17 закругл красн № 130,Поддон 120*80,145,5,"114,00"
Крышка заборная 40х5х17 закругл оливковый 420,Поддон 120*80,145,5,"114,00"
Крышка заборная 40х5х17 закругл терракота 503,Поддон 120*80,145,5,"114,00"
Крышка заборная 40х5х17 закругл черный № 330,Поддон 120*80,145,5,"114,00"
"Крышка заборная 40х5х17 закругл элит (0,7%- 960, 0,3%- 420)",Поддон 120*80,145,5,"164,00"
"Крышка заборная 40х5х17 закругл элит (1%-420, 0,3%-960)",Поддон 120*80,145,5,"164,00"
Крышка заборная 40х5х17 закругл Элит (2%- 503),Поддон 120*80,145,5,"164,00"
Крышка заборная 40х6х22,,,,
_Крышка заборная 40х6х22 серый (базовый),Поддон 120*80,98,6.75,"150,00"
Крышка заборная 40х6х22 Белый,Поддон 120*80,98,6.75,"230,00"
Крышка заборная 40х6х22 коричневый № 655,Поддон 120*80,98,6.75,"180,00"
Крышка заборная 40х6х22 элит (2% - 420),Поддон 120*80,98,6.75,"270,00"
Крышка отлив 39х10х5,,,,
Крышка отлив 39х10х5 серый (базовый),Поддон 120*80,168,3.51,"67,00"
Крышка столба 39х22х6,,,,
Крышка столба 39х22х6 серый (базовый),Поддон 120*80,70,9.27,"84,00"
Крышка столба 40х40,,,,
_Крышка столба 40х40 серый (базовый),Поддон 120*80,20,19,"240,00"
Крышка столба 40х40 бежевый № 960,Поддон 120*80,20,19,"280,00"
Крышка столба 40х40 Белый,Поддон 120*80,20,19,"331,00"
Крышка столба 40х40 коричневый № 655,Поддон 120*80,20,19,"280,00"
Крышка столба 40х40 кофе+молоко F8000,Поддон 120*80,20,19,"280,00"
Крышка столба 40х40 красн № 130,Поддон 120*80,20,19,"280,00"
Крышка столба 40х40 оливковый № 420,Поддон 120*80,20,19,"280,00"
Крышка столба 40х40 терракот № 503,Поддон 120*80,20,19,"280,00"
Крышка столба 40х40 черный № 330,Поддон 120*80,20,19,"280,00"
"Крышка столба 40х40 Элит (0,1%-420)",Поддон 120*80,20,19,"384,00"
"Крышка столба 40х40 Элит (0,3%-420)",Поддон 120*80,20,19,"384,00"
"Крышка столба 40х40 Элит (0,7%-960, 0,3%-420)",Поддон 120*80,20,19,"384,00"
Крышка столба 40х40 Элит (0.8%-420),Поддон 120*80,20,19,"384,00"
"Крышка столба 40х40 Элит (1%-420, 0,3%-960)",Поддон 120*80,20,19,"384,00"
Крышка столба 40х40 элит (2% - 420),Поддон 120*80,20,19,"384,00"
Крышка столба 40х40 Элит (2% -503),Поддон 120*80,20,19,"384,00"
Крышка столба 40х40 Элит (2%-130),Поддон 120*80,20,19,"384,00"
Крышка столба 40х40 Элит (2%-960),Поддон 120*80,20,19,"384,00"
Крышка столба 40х40 колотая,,,,
_Крышка столба 40х40 колотая серый (базовый),Поддон 120*80,42,21.75,"338,00"
Крышка столба 40х40 колотая бежевый № 960,Поддон 120*80,42,21.75,"389,00"
Крышка столба 40х40 колотая Белый,Поддон 120*80,42,21.75,"458,00"
Крышка столба 40х40 колотая коричневый № 655,Поддон 120*80,42,21.75,"389,00"
Крышка столба 40х40 колотая кофе+молоко F8000,Поддон 120*80,42,21.75,"389,00"
Крышка столба 40х40 колотая красн № 130,Поддон 120*80,42,21.75,"389,00"
Крышка столба 40х40 колотая оливковый № 420,Поддон 120*80,42,21.75,"389,00"
Крышка столба 40х40 колотая терракот № 503,Поддон 120*80,42,21.75,"389,00"
Крышка столба 40х40 колотая черный № 330,Поддон 120*80,42,21.75,"389,00"
"Крышка столба 40х40 колотая элит (0,7%- 960, 0,3%- 420)",Поддон 120*80,42,21.75,"508,00"
"Крышка столба 40х40 колотая элит (1%-420, 0,3%-960)",Поддон 120*80,42,21.75,"508,00"
Крышка столба 40х40 колотая элит (2% - 420),Поддон 120*80,42,21.75,"508,00"
Крышка столба 40х40х6 плоская,,,,
_Крышка столба 40х40х6 плоская серый (базовый),Поддон 120*80,20,19,"240,00"
Крышка столба 40х40х6 плоская бежевый № 960,Поддон 120*80,20,19,"280,00"
Крышка столба 40х40х6 плоская Белый,Поддон 120*80,20,19,"331,00"
Крышка столба 40х40х6 плоская элит (2% - 503),Поддон 120*80,20,19,"384,00"
Крышка столба 50х50,,,,
_Крышка столба 50х50 серый (базовый),Поддон 120*80,10,33.8,"297,00"
Крышка столба 50х50 бежевый № 960,Поддон 120*80,10,33.8,"366,00"
Крышка столба 50х50 Белый,Поддон 120*80,10,33.8,"442,00"
Крышка столба 50х50 коричневый № 655,Поддон 120*80,10,33.8,"366,00"
Крышка столба 50х50 кофе+молоко F8000,Поддон 120*80,10,33.8,"366,00"
Крышка столба 50х50 красн № 130,Поддон 120*80,10,33.8,"366,00"
Крышка столба 50х50 оливковый № 420,Поддон 120*80,10,33.8,"366,00"
Крышка столба 50х50 терракот № 503,Поддон 120*80,10,33.8,"366,00"
Крышка столба 50х50 черный № 330,Поддон 120*80,10,33.8,"366,00"
"Крышка столба 50х50 элит (0,7%- 960, 0,3%- 420)",Поддон 120*80,10,33.8,"451,00"
"Крышка столба 50х50 элит (1%-420, 0,3%-960)",Поддон 120*80,10,33.8,"451,00"
Крышка столба 50х50 элит (2% - 420),Поддон 120*80,10,33.8,"451,00"
Крышка столба 50х50 элит (2% - 503),Поддон 120*80,10,33.8,"451,00"
Крышка фигурная 40х55х6см,,,,
_Крышка фигурная 40х55х6 серый (базовый),Поддон 120*80,32,28.2,"280,00"
Крышка фигурная 40х55х6 бежевый № 960,Поддон 120*80,32,28.2,"321,00"
Крышка фигурная 40х55х6 коричневый № 655,Поддон 120*80,32,28.2,"321,00"
Крышка фигурная 40х55х6 кофе+молоко F8000,Поддон 120*80,32,28.2,"321,00"
Крышка фигурная 40х55х6 оливковый 420,Поддон 120*80,32,28.2,"321,00"
Крышка фигурная 40х55х6 терракота 503,Поддон 120*80,32,28.2,"321,00"
Крышка фигурная 40х55х6см Белый,Поддон 120*80,32,28.2,"395,00"
"Крышка фигурная 40х55х6см элит (1%-420, 0,3%-960)",Поддон 120*80,32,28.2,"433,00"
Крышка фигурная 40х55х6см элит (2% - 420),Поддон 120*80,32,28.2,"433,00"
Крышка-ступень 50х7х30,,,,
_Крышка-ступень 50х7х30 серый (базовый),Поддон 120*80,42,23,"291,00"
Крышка-ступень 50х7х30 бежевый № 960,Поддон 120*80,42,23,"329,00"
Крышка-ступень 50х7х30 Белый,Поддон 120*80,42,23,"372,00"
Крышка-ступень 50х7х30 коричневый № 655,Поддон 120*80,42,23,"329,00"
Крышка-ступень 50х7х30 красн № 130,Поддон 120*80,42,23,"329,00"
Крышка-ступень 50х7х30 оливковый 420,Поддон 120*80,42,23,"329,00"
Крышка-ступень 50х7х30 терракота 503,Поддон 120*80,42,23,"329,00"
Крышка-ступень 50х7х30 черный № 330,Поддон 120*80,42,23,"329,00"
"Крышка-ступень 50х7х30 элит 0,3%-960",Поддон 120*80,42,23,"409,00"
"Крышка-ступень 50х7х30 элит (0,7%- 960, 0,3%- 420)",Поддон 120*80,42,23,"409,00"
Крышка-ступень колотая 50х5х30,,,,
_Крышка-ступень колотая 50х5х30 серый (базовый),Поддон 120*80,42,15.8,"244,00"
Крышка-ступень колотая 50х5х30 бежевый № 960,Поддон 120*80,42,15.8,"274,00"
Крышка-ступень колотая 50х5х30 Белый,Поддон 120*80,42,15.8,"327,00"
Крышка-ступень колотая 50х5х30 коричневый № 655,Поддон 120*80,42,15.8,"274,00"
Крышка-ступень колотая 50х5х30 кофе+молоко F8000,Поддон 120*80,42,15.8,"274,00"
Крышка-ступень колотая 50х5х30 красн № 130,Поддон 120*80,42,15.8,"274,00"
Крышка-ступень колотая 50х5х30 оливковый 420,Поддон 120*80,42,15.8,"274,00"
Крышка-ступень колотая 50х5х30 терракота 503,Поддон 120*80,42,15.8,"274,00"
Крышка-ступень колотая 50х5х30 черный № 330,Поддон 120*80,42,15.8,"274,00"
"Крышка-ступень колотая 50х5х30 Элит (0,1%-960)",Поддон 120*80,42,15.8,"358,00"
"Крышка-ступень колотая 50х5х30 Элит (0,3%-960)",Поддон 120*80,42,15.8,"358,00"
"Крышка-ступень колотая 50х5х30 элит (0,7%- 960, 0,3%- 420)",Поддон 120*80,42,15.8,"358,00"
"Крышка-ступень колотая 50х5х30 элит (1%-420, 0,3%-960)",Поддон 120*80,42,15.8,"358,00"
Крышка-ступень колотая 50х5х30 элит (2% - 420),Поддон 120*80,42,15.8,"358,00"
Крышка-ступень колотая 50х7х30,,,,
_Крышка-ступень колотая 50х7х30 серый (базовый),Поддон 120*80,42,23,"288,00"
Крышка-ступень колотая 50х7х30 бежевый № 960,Поддон 120*80,42,23,"333,00"
Крышка-ступень колотая 50х7х30 Белый,Поддон 120*80,42,23,"377,00"
Крышка-ступень колотая 50х7х30 коричневый № 655,Поддон 120*80,42,23,"333,00"
Крышка-ступень колотая 50х7х30 кофе+молоко F8000,Поддон 120*80,42,23,"333,00"
Крышка-ступень колотая 50х7х30 красн № 130,Поддон 120*80,42,23,"333,00"
Крышка-ступень колотая 50х7х30 оливковый № 420,Поддон 120*80,42,23,"333,00"
Крышка-ступень колотая 50х7х30 терракот № 503,Поддон 120*80,42,23,"333,00"
Крышка-ступень колотая 50х7х30 черный № 330,Поддон 120*80,42,23,"333,00"
"Крышка-ступень колотая 50х7х30 элит (0,7%- 960, 0,3%- 420)",Поддон 120*80,42,23,"414,00"
Крышка-ступень колотая 50х7х30 Элит 03% - 960,Поддон 120*80,42,23,"414,00"
Крышка-ступень колотая 50х7х30 Элит 2% 420,Поддон 120*80,42,23,"414,00"
Крышка-ступень колотая ЭЛИТ 50х7х30 Элит 0.1% 960,Поддон 120*80,42,23,"414,00"
"Наличник декоративный ""Цветок"" 50х15",,,,
"_Наличник декоративный ""Цветок"" 50х15 серый (базовый)",Поддон 120*80,88,4.38,"250,00"
"Наличник декоративный ""Цветок"" 50х15 бежевый № 960",Поддон 120*80,88,4.38,"288,00"
"Наличник декоративный ""Цветок"" 50х15 Белый",Поддон 120*80,88,4.38,"326,00"
"Наличник декоративный ""Цветок"" 50х15 элит (2% - 420)",Поддон 120*80,88,4.38,"375,00"
Наличник декоративный 50х8х5,,,,
_Наличник декоративный 50х8х5 серый (базовый),Поддон 120*80,88,4.38,"123,00"
Наличник декоративный 50х8х5 бежевый № 960,Поддон 120*80,88,4.38,"130,00"
Наличник декоративный 50х8х5 Белый,Поддон 120*80,88,4.38,"160,00"
Наличник декоративный 50х8х5 коричневый № 655,Поддон 120*80,88,4.38,"130,00"
Наличник декоративный 50х8х5 кофе+молоко F8000,Поддон 120*80,88,4.38,"130,00"
Наличник декоративный 50х8х5 красн № 130,Поддон 120*80,88,4.38,"130,00"
Наличник декоративный 50х8х5 оливковый № 420,Поддон 120*80,88,4.38,"130,00"
Наличник декоративный 50х8х5 терракот № 503,Поддон 120*80,88,4.38,"130,00"
Наличник декоративный 50х8х5 черный № 330,Поддон 120*80,88,4.38,"130,00"
Наличник декоративный 50х8х5 элит (2% - 420),Поддон 120*80,88,4.38,"182,00"
Основание столба 40х40,,,,
_Основание столба 40х40 серый (базовый),Поддон 120*80,36,19,"231,00"
Основание столба 40х40 бежевый № 960,Поддон 120*80,36,19,"266,00"
Основание столба 40х40 Белый,Поддон 120*80,36,19,"324,00"
Основание столба 40х40 коричневый № 655,Поддон 120*80,36,19,"266,00"
Основание столба 40х40 кофе+молоко F8000,Поддон 120*80,36,19,"266,00"
Основание столба 40х40 красн № 130,Поддон 120*80,36,19,"266,00"
Основание столба 40х40 оливковый № 420,Поддон 120*80,36,19,"266,00"
Основание столба 40х40 терракот № 503,Поддон 120*80,36,19,"266,00"
Основание столба 40х40 черный № 330,Поддон 120*80,36,19,"266,00"
"Основание столба 40х40 Элит (0,3%-960)",Поддон 120*80,36,19,"367,00"
"Основание столба 40х40 элит (0,7%- 960, 0,3%- 420)",Поддон 120*80,36,19,"367,00"
Основание столба 40х40 Элит (0.8%-420),Поддон 120*80,36,19,"367,00"
"Основание столба 40х40 Элит (1%-420, 0,3%-960)",Поддон 120*80,36,19,"367,00"
Основание столба 40х40 Элит (130-2%),Поддон 120*80,36,19,"367,00"
Основание столба 40х40 элит (2% - 420),Поддон 120*80,36,19,"367,00"
Основание столба 40х40 Элит (2% -503),Поддон 120*80,36,19,"367,00"
Основание столба 40х40 Элит (2%-960),Поддон 120*80,36,19,"367,00"
Основание столба круглое,,,,
_Основание столба круглое серый (базовый),Поддон 120*80,36,19,"220,00"
Основание столба круглое коричневое 655,Поддон 120*80,36,19,"253,00"
Отлив 40х4х17,,,,
_Отлив 40х4х17 серый (базовый),Поддон 120*80,98,4.25,"79,00"
Отлив 40х4х17 бежевый № 960,Поддон 120*80,98,4.25,"104,00"
Отлив 40х4х17 Белый,Поддон 120*80,98,4.25,"125,00"
Отлив 40х4х17 коричневый № 655,Поддон 120*80,98,4.25,"104,00"
Отлив 40х4х17 кофе+молоко F8000,Поддон 120*80,98,4.25,"104,00"
Отлив 40х4х17 красн № 130,Поддон 120*80,98,4.25,"104,00"
Отлив 40х4х17 оливковый 420,Поддон 120*80,98,4.25,"104,00"
Отлив 40х4х17 терракот № 503,Поддон 120*80,98,4.25,"104,00"
Отлив 40х4х17 черный № 330,Поддон 120*80,98,4.25,"104,00"
"Отлив 40х4х17 элит (0,7%- 960, 0,3%- 420)",Поддон 120*80,98,4.25,"132,00"
"Отлив 40х4х17 элит (1%-420, 0,3%-960)",Поддон 120*80,98,4.25,"132,00"
Отлив 40х4х17 элит (2% - 420),Поддон 120*80,98,4.25,"132,00"
Отлив 40х4х17 элит (2% - 503),Поддон 120*80,98,4.25,"132,00"
Отлив 40х4х17 Элит (2%-130),Поддон 120*80,98,4.25,"132,00"
Отлив 50х7х30,,,,
_Отлив 50х7х30 серый (базовый),Поддон 120*80,,17,"158,00"
Отлив 50х7х30 бежевый № 960,Поддон 120*80,,17,"181,00"
Подступенок 50х6х16,,,,
_Подступенок 50х6х16 см серый (базовый),Поддон 120*80,156,8.85,"124,00"
Подступенок 50х6х16 см Белый,Поддон 120*80,156,8.85,"166,00"
Подступенок 50х6х16 см коричневый № 655,Поддон 120*80,156,8.85,"140,00"
Подступенок 50х6х16 см кофе+молоко F8000,Поддон 120*80,156,8.85,"140,00"
Подступенок 50х6х16 см красн № 130,Поддон 120*80,156,8.85,"140,00"
Подступенок 50х6х16 см оливковый 420,Поддон 120*80,156,8.85,"140,00"
Подступенок 50х6х16 см терракота 503,Поддон 120*80,156,8.85,"140,00"
Подступенок 50х6х16 см черный № 330,Поддон 120*80,156,8.85,"140,00"
"Подступенок 50х6х16 см элит (0,7%- 960, 0,3%- 420)",Поддон 120*80,156,8.85,"177,00"
"Подступенок 50х6х16 см элит (1%-420, 0,3%-960)",Поддон 120*80,156,8.85,"177,00"
Светильник 30x30x6,,,,
_Светильник 30x30x6 серый (базовый),Поддон 120*80,72,6.5,"178,00"
Светильник 30x30x6 бежевый № 960,Поддон 120*80,72,6.5,"197,00"
Светильник 30x30x6 Белый,Поддон 120*80,72,6.5,"255,00"
Светильник 30x30x6 коричневый № 655,Поддон 120*80,72,6.5,"197,00"
Светильник 30x30x6 кофе+молоко F8000,Поддон 120*80,72,6.5,"197,00"
Светильник 30x30x6 красн № 130,Поддон 120*80,72,6.5,"197,00"
Светильник 30x30x6 оливковый 420,Поддон 120*80,72,6.5,"197,00"
Светильник 30x30x6 терракота 503,Поддон 120*80,72,6.5,"197,00"
Светильник 30x30x6 черный № 330,Поддон 120*80,72,6.5,"197,00"
"Светильник 30x30x6 элит (0,7%- 960, 0,3%- 420)",Поддон 120*80,72,6.5,"295,00"
"Светильник 30x30x6 Элит (1%-420, 0,3%-960)",Поддон 120*80,72,6.5,"295,00"
Светильник 30x30x6 элит (2% - 420),Поддон 120*80,72,6.5,"295,00"
Светильник 30x30x6 элит (2% - 503),Поддон 120*80,72,6.5,"295,00"
Крышка двухскатная 445*400 серый (базовый),,,,"335,00"
03. Декоративные блоки,,,,
"Декоративный блок ""Малага"" 20х20х10",,,,
"_Декоративный блок ""Малага"" 20х20х10 серый (базовый)",Поддон 120*80,168,4,"44,00"
"Декоративный блок ""Малага"" 20х20х10 бежевый № 960",Поддон 120*80,168,4,"54,00"
"Декоративный блок ""Малага"" 20х20х10 Белый",Поддон 120*80,168,4,"59,00"
"Декоративный блок ""Малага"" 20х20х10 коричневый № 655",Поддон 120*80,168,4,"54,00"
"Декоративный блок ""Малага"" 20х20х10 кофе+молоко F8000",Поддон 120*80,168,4,"54,00"
"Декоративный блок ""Малага"" 20х20х10 красн № 130",Поддон 120*80,168,4,"54,00"
"Декоративный блок ""Малага"" 20х20х10 оливковый № 420",Поддон 120*80,168,4,"54,00"
"Декоративный блок ""Малага"" 20х20х10 терракот № 503",Поддон 120*80,168,4,"54,00"
"Декоративный блок ""Малага"" 20х20х10 черный № 330",Поддон 120*80,168,4,"54,00"
"Декоративный блок ""Малага"" 20х20х10 элит (0,7%- 960, 0,3%- 420)",Поддон 120*80,168,4,"67,00"
"Декоративный блок ""Малага"" 20х20х10 элит (1%-420, 0,3%-960)",Поддон 120*80,168,4,"67,00"
"Декоративный блок ""Малага"" 20х20х10 элит (2% - 420)",Поддон 120*80,168,4,"67,00"
"Декоративный блок ""Малага"" 20х20х10 элит (2% - 503)",Поддон 120*80,168,4,"67,00"
"Декоративный блок ""Малага"" 20х20х10 Элит (2%-130)",Поддон 120*80,168,4,"67,00"
"Декоративный блок ""Малага"" 20х20х10 Элит (2%-960)",Поддон 120*80,168,4,"67,00"
"Декоративный блок ""Ромб"" 30х30х10",,,,
"_Декоративный блок ""Ромб"" 30x30x10 серый (базовый)",Поддон 120*80,64,11,"195,00"
"Декоративный блок ""Ромб"" 30x30x10 бежевый № 960",Поддон 120*80,64,11,"218,00"
"Декоративный блок ""Ромб"" 30x30x10 Белый",Поддон 120*80,64,11,"258,00"
"Декоративный блок ""Ромб"" 30x30x10 коричневый № 655",Поддон 120*80,64,11,"218,00"
"Декоративный блок ""Ромб"" 30x30x10 кофе+молоко F8000",Поддон 120*80,64,11,"218,00"
"Декоративный блок ""Ромб"" 30x30x10 красн № 130",Поддон 120*80,64,11,"218,00"
"Декоративный блок ""Ромб"" 30x30x10 оливковый № 420",Поддон 120*80,64,11,"218,00"
"Декоративный блок ""Ромб"" 30x30x10 терракот № 503",Поддон 120*80,64,11,"218,00"
"Декоративный блок ""Ромб"" 30x30x10 черный № 330",Поддон 120*80,64,11,"218,00"
"Декоративный блок ""Ромб"" 30x30x10 элит (1%-420, 0,3%-960)",Поддон 120*80,64,11,"270,00"
"Декоративный блок ""Ромб"" 30x30x10 элит (2% - 420)",Поддон 120*80,64,11,"270,00"
"Декоративный блок ""Ромб"" 30x30x10 элит (2% - 503)",Поддон 120*80,64,11,"270,00"
"Декоративный блок ""Ромб"" 30x30x10 Элит (2%-130)",Поддон 120*80,64,11,"270,00"
"Декоративный блок ""Ромб"" 30x30x10 Элит (2%-960)",Поддон 120*80,64,11,"270,00"
"Декоративный блок ""Цветок"" 30х30х10",,,,
"_Декоративный блок ""Цветок"" 30x30x10 серый (базовый)",Поддон 120*80,64,15,"195,00"
"Декоративный блок ""Цветок"" 30x30x10 бежевый № 960",Поддон 120*80,64,15,"218,00"
"Декоративный блок ""Цветок"" 30x30x10 Белый",Поддон 120*80,64,15,"258,00"
"Декоративный блок ""Цветок"" 30x30x10 коричневый № 655",Поддон 120*80,64,15,"218,00"
"Декоративный блок ""Цветок"" 30x30x10 кофе+молоко F8000",Поддон 120*80,64,15,"218,00"
"Декоративный блок ""Цветок"" 30x30x10 красн № 130",Поддон 120*80,64,15,"218,00"
"Декоративный блок ""Цветок"" 30x30x10 оливковый № 420",Поддон 120*80,64,15,"218,00"
"Декоративный блок ""Цветок"" 30x30x10 терракот № 503",Поддон 120*80,64,15,"218,00"
"Декоративный блок ""Цветок"" 30x30x10 черный № 330",Поддон 120*80,64,15,"218,00"
"Декоративный блок ""Цветок"" 30x30x10 элит (0,7%- 960, 0,3%- 420)",Поддон 120*80,64,15,"270,00"
"Декоративный блок ""Цветок"" 30x30x10 Элит (0.8%-420)",Поддон 120*80,64,15,"270,00"
"Декоративный блок ""Цветок"" 30x30x10 Элит (1%-420, 0.3%-960)",Поддон 120*80,64,15,"270,00"
"Декоративный блок ""Цветок"" 30x30x10 элит (2% - 420)",Поддон 120*80,64,15,"270,00"
"Декоративный блок ""Цветок"" 30x30x10 Элит (2% -503)",Поддон 120*80,64,15,"270,00"
"Декоративный блок ""Цветок"" 30x30x10 Элит (2%-130)",Поддон 120*80,64,15,"270,00"
"Декоративный блок ""Цветок"" 30x30x10 Элит (2%-960)",Поддон 120*80,64,15,"270,00"
"Дополнительный элемент ""Малага"" (1/2) 25х10,5х10",,,,
"_Доп. элемент ""Малага"" (1/2) 25x10,5x10 серый (базовый)",Поддон 120*80,490,1.16,"30,00"
"Доп. элемент ""Малага"" (1/2) 25x10,5x10 бежевый № 960",Поддон 120*80,490,1.16,"38,00"
"Доп. элемент ""Малага"" (1/2) 25x10,5x10 Белый",Поддон 120*80,490,1.16,"41,00"
"Доп. элемент ""Малага"" (1/2) 25x10,5x10 коричневый № 655",Поддон 120*80,490,1.16,"38,00"
"Доп. элемент ""Малага"" (1/2) 25x10,5x10 кофе+молоко F8000",Поддон 120*80,490,1.16,"38,00"
"Доп. элемент ""Малага"" (1/2) 25x10,5x10 красн № 130",Поддон 120*80,490,1.16,"38,00"
"Доп. элемент ""Малага"" (1/2) 25x10,5x10 оливковый № 420",Поддон 120*80,490,1.16,"38,00"
"Доп. элемент ""Малага"" (1/2) 25x10,5x10 терракот № 503",Поддон 120*80,490,1.16,"38,00"
"Доп. элемент ""Малага"" (1/2) 25x10,5x10 черный № 330",Поддон 120*80,490,1.16,"38,00"
"Доп. элемент ""Малага"" (1/2) 25x10,5x10 элит (0,7%- 960, 0,3%- 420)",Поддон 120*80,490,1.16,"44,00"
"Доп. элемент ""Малага"" (1/2) 25x10,5x10 элит (1%-420, 0,3%-960)",Поддон 120*80,490,1.16,"44,00"
"Доп. элемент ""Малага"" (1/2) 25x10,5x10 элит (2% - 420)",Поддон 120*80,490,1.16,"44,00"
"Доп. элемент ""Малага"" (1/2) 25x10,5x10 элит (2% - 503)",Поддон 120*80,490,1.16,"44,00"
"Доп. элемент ""Малага"" (1/2) 25x10,5x10 Элит (2%-130)",Поддон 120*80,490,1.16,"44,00"
"Доп. элемент ""Малага"" (1/2) 25x10,5x10 Элит (2%-960)",Поддон 120*80,490,1.16,"44,00"
04. Опорный камень,,,,
Камень ландшафтный двухсторонний,,,,
_Камень ландшафтный двухсторонний серый (базовый),Поддон 120*80,48,29,"211,00"
Камень ландшафтный двухсторонний 960 бежевый № 960,Поддон 120*80,48,29,"257,00"
Камень ландшафтный двухсторонний Белый,Поддон 120*80,48,29,"340,00"
Камень ландшафтный двухсторонний оливковый 420,Поддон 120*80,48,29,"257,00"
Камень ландшафтный двухсторонний Элит,Поддон 120*80,48,29,"384,00"
"Опорный камень ""Диамант""",,,,
"_Опорный камень ""Диамант"" серый (базовый)",Поддон 120*80,48,26.5,"196,00"
"Опорный камень ""Диамант"" элит 0,3%-960",Поддон 120*80,48,26.5,"349,00"
"Опорный камень ""Диамант"" элит 2% 420",Поддон 120*80,48,26.5,"349,00"
"Опорный камень ""Диамант"" оливковый № 420",Поддон 120*80,48,26.5,"243,00"
"Опорный камень ""Диамант"" бежевый № 960",Поддон 120*80,48,26.5,"243,00"
"Опорный камень ""Диамант"" Белый",Поддон 120*80,48,26.5,"340,00"
"Опорный камень ""Диамант"" коричневый № 655",Поддон 120*80,48,26.5,"243,00"
"Опорный камень ""Диамант"" кофе+молоко F8000",Поддон 120*80,48,26.5,"243,00"
"Опорный камень ""Диамант"" красный 130",Поддон 120*80,48,26.5,"243,00"
"Опорный камень ""Диамант"" терракота 503",Поддон 120*80,48,26.5,"243,00"
"Опорный камень ""Диамант"" черный № 330",Поддон 120*80,48,26.5,"243,00"
"Опорный камень ""Прямой""",,,,
"_Опорный камень ""Прямой"" серый (базовый)",Поддон 120*80,48,26.6,"187,00"
"Опорный камень ""Прямой"" Белый",Поддон 120*80,48,26.6,"323,00"
"Опорный камень ""Прямой"" коричневый № 655",Поддон 120*80,48,26.6,"231,00"
"Опорный камень ""Прямой"" черный № 330",Поддон 120*80,48,26.6,"231,00"
"Опорный камень ""Прямой"" элит (1%-420, 0,3%-960)",Поддон 120*80,48,26.6,"332,00"
"Опорный камень ""Прямой"" бежевый № 960",Поддон 120*80,48,26.6,"231,00"
"Опорный камень ""Прямой"" кофе+молоко F8000",Поддон 120*80,48,26.6,"231,00"
"Опорный камень ""Прямой"" оливковый № 420",Поддон 120*80,48,26.6,"231,00"
"Опорный камень ""Прямой"" элит (0,7%- 960, 0,3%- 420)",Поддон 120*80,48,26.6,"332,00"
05. Облицовочный камень,,,,
"Камень ""Кейп Стоун""",,,,
"_Камень ""Кейп Стоун"" 23*11 серый (базовый)",Поддон 120*80,,3.5,"30,00"
"Камень ""Кейп Стоун"" 23*11 960 (нерустов)",Поддон 120*80,,3.5,"35,00"
"Камень ""Кейп Стоун"" 23*11 рустованный элит (0,7%- 960, 0,3%- 420)",Поддон 120*80,,3.5,"45,00"
"Камень ""Кейп Стоун"" 23*11 рустованный элит (1%-420, 0,3%-960)",Поддон 120*80,,3.5,"45,00"
"Камень ""Кейп Стоун"" 23*11 рустованный серый (базовый)",Поддон 120*80,,3.5,"30,00"
"Камень ""Кейп Стоун"" 23*11 состаренный элит (0,7%- 960, 0,3%- 420)",Поддон 120*80,,3.5,"45,00"
"Камень ""Кейп Стоун"" 23*11 состаренный бежевый 960",Поддон 120*80,,3.5,"35,00"
"Камень ""Кейп Стоун"" 23*11 состаренный серый (базовый)",Поддон 120*80,,3.5,"30,00"
"Камень ""Кейп Стоун"" 23*23 рустованный коричневый № 655",Поддон 120*80,,7.69,"74,00"
"Камень ""Кейп Стоун"" 23*23 рустованный элит (0,7%- 960, 0,3%- 420)",Поддон 120*80,,7.69,"94,00"
"Камень ""Кейп Стоун"" 23*23 рустованный элит (1%-420, 0,3%-960)",Поддон 120*80,,7.69,"94,00"
"Камень ""Кейп Стоун"" 23*23 рустованный серый (базовый)",Поддон 120*80,,7.69,"62,00"
"Камень ""Кейп Стоун"" 23*23 серый (базовый)",Поддон 120*80,,7.69,"62,00"
"Камень ""Кейп Стоун"" 23*23 состаренный коричневый № 655",Поддон 120*80,,7.69,"74,00"
"Камень ""Кейп Стоун"" 23*23 состаренный элит (0,7%- 960, 0,3%- 420)",Поддон 120*80,,7.69,"94,00"
"Камень ""Кейп Стоун"" 23*23 состаренный серый (базовый)",Поддон 120*80,,7.69,"62,00"
"Камень ""Кейп Стоун"" 23*35 рустованный элит (0,7%- 960, 0,3%- 420)",Поддон 120*80,,11,"143,00"
"Камень ""Кейп Стоун"" 23*35 рустованный элит (1%-420, 0,3%-960)",Поддон 120*80,,11,"143,00"
"Камень ""Кейп Стоун"" 23*35 рустованный коричневый 655",Поддон 120*80,,11,"109,00"
"Камень ""Кейп Стоун"" 23*35 рустованный серый (базовый)",Поддон 120*80,,11,"95,00"
"Камень ""Кейп Стоун"" 23*35 серый (базовый)",Поддон 120*80,,11,"95,00"
"Камень ""Кейп Стоун"" 23*35 состаренный элит (0,7%- 960, 0,3%- 420)",Поддон 120*80,,11,"143,00"
"Камень ""Кейп Стоун"" 23*35 состаренный коричневый 655",Поддон 120*80,,11,"111,00"
"Камень ""Кейп Стоун"" 23*35 состаренный серый (базовый)",Поддон 120*80,,7.69,"95,00"
"Камень ""Кейп Стоун"" 23х11 Белый",Поддон 120*80,,3.5,"42,00"
"Камень ""Кейп Стоун"" 23х11 рустованный Белый",Поддон 120*80,,3.5,"42,00"
"Камень ""Кейп Стоун"" 23х23 Белый",Поддон 120*80,,7.69,"87,00"
"Камень ""Кейп Стоун"" 23х23 рустованный Белый",Поддон 120*80,,7.69,"87,00"
"Камень ""Кейп Стоун"" 23х23 состаренный Белый",Поддон 120*80,,7.69,"87,00"
"Камень ""Кейп Стоун"" 23х35 Белый",Поддон 120*80,,11,"131,00"
"Камень ""Кейп Стоун"" 23х35 рустованный Белый",Поддон 120*80,,11,"131,00"
"Камень ""Неаполь""",,,,
"_Облицовочный камень ""Неаполь"" 15х20 серый (базовый)",Поддон 120*80,,5.74,"20,00"
"_Облицовочный камень ""Неаполь"" 20х43 серый (базовый)",Поддон 120*80,,5.74,"55,00"
"Облицовочный камень ""Неаполь"" 15х20 Белый",Поддон 120*80,,1.93,"27,00"
"Облицовочный камень ""Неаполь"" 15х40 Белый",Поддон 120*80,,3.86,"53,00"
"Облицовочный камень ""Неаполь"" 15х40х3 серый (базовый)",Поддон 120*80,,3.86,"39,00"
"Облицовочный камень ""Неаполь"" 20х30 коричневый № 655",Поддон 120*80,,5.1,"47,00"
"Облицовочный камень ""Неаполь"" 20х30 оливковый 420",Поддон 120*80,,5.1,"47,00"
"Облицовочный камень ""Неаполь"" 20х43 Белый",Поддон 120*80,,5.74,"76,00"
"Облицовочный камень ""Неаполь"" 20х43 оливковый 420",Поддон 120*80,,5.74,"64,00"
"Облицовочный камень ""Неаполь""20х30 Белый",Поддон 120*80,,,"53,00"
"Камень ""Палермо""",,,,
"Облицовочный камень ""Палермо"" 15*20*3кофе+молоко F8000",Поддон 120*80,192,1.93,"25,00"
"Облицовочный камень ""Палермо"" 15х20х3 коричневый № 686",Поддон 120*80,192,1.93,"25,00"
"Облицовочный камень ""Палермо"" 15х20х3 красн № 130",Поддон 120*80,192,1.93,"25,00"
"Облицовочный камень ""Палермо"" 15х20х3 см терракота 503",Поддон 120*80,192,1.93,"25,00"
"Облицовочный камень ""Палермо"" 15х20х3см бежевый № 960",Поддон 120*80,192,1.93,"25,00"
"Облицовочный камень ""Палермо"" 15х40х3 терракота 503",Поддон 120*80,96,3.86,"50,00"
"Облицовочный камень ""Палермо"" 15х40х3см бежевый № 960",Поддон 120*80,96,3.86,"50,00"
"Облицовочный камень ""Палермо"" 20х30х3 терракота 503",Поддон 120*80,96,4.02,"50,00"
"Облицовочный камень ""Палермо"" 20х43х3 коричневый № 655",Поддон 120*80,72,4.4,"72,00"
"Облицовочный камень ""Палермо"" Белый 15 x 20 x 3 см (0.03 м.кв.)",Поддон 120*80,192,1.93,"29,00"
"Облицовочный камень ""Палермо"" Белый 15 x 40 x 3 см (0.06 м.кв.)",Поддон 120*80,96,3.86,"58,00"
"Облицовочный камень ""Палермо"" Белый 20 x 30 x 3 см (0.06 м.кв.)",Поддон 120*80,96,4.02,"58,00"
"Облицовочный камень ""Палермо"" Белый 20 x 43 x 3 см (0.08 м.кв.)",Поддон 120*80,96,4.5,"83,00"
"Облицовочный камень ""Палермо"" серый 15 x 20 x 3 см (0.03 м.кв.)",Поддон 120*80,192,1.93,"22,00"
"Облицовочный камень ""Палермо"" серый 15 x 40 x 3 см (0.06 м.кв.)",Поддон 120*80,96,3.86,"43,00"
"Облицовочный камень ""Палермо"" серый 20 x 30 x 3 см (0.06 м.кв.)",Поддон 120*80,96,4.02,"43,00"
"Облицовочный камень ""Палермо"" серый 20 x 43 x 3 см (0.08 м.кв.)",Поддон 120*80,96,4.5,"62,00"
"Облицовочный камень ""Палермо""20*30*3 кофе+молоко F8000",Поддон 120*80,96,4.02,"50,00"
Угловой элемент,,,,
_Угловой элемент 23х35х23 серый (базовый),Поддон 120*80,,,"455,00"
Угловой элемент Белый,Поддон 120*80,,,"536,00"
06. Тротуарная плитка,,,,
Бордюры,,,,
_Бордюр 50х20х6 серый (базовый),Поддон 120*80,64,12.5,"160,00"
Бордюр 50х20х6 бежевый № 960,Поддон 120*80,64,12.5,"193,00"
Бордюр 50х20х6 элит (2% - 420),Поддон 120*80,64,12.5,"244,00"
Бордюр 50х20х6 Белый,Поддон 120*80,64,12.5,"232,00"
Бордюр 50х20х6 коричневый № 655,Поддон 120*80,64,12.5,"193,00"
Бордюр 50х20х6 кофе+молоко F8000,Поддон 120*80,64,12.5,"193,00"
Бордюр 50х20х6 красн № 130,Поддон 120*80,64,12.5,"193,00"
Бордюр 50х20х6 оливковый 420,Поддон 120*80,64,12.5,"193,00"
Бордюр 50х20х6 терракота 503,Поддон 120*80,64,12.5,"193,00"
Бордюр 50х20х6 черный № 330,Поддон 120*80,64,12.5,"193,00"
Водосток тротуарный,,,,
_Водосток тротуарный 40х6х17 серый (базовый),Поддон 120*80,98,6.8,"153,00"
Водосток тротуарный 40х6х17 бежевый № 960,Поддон 120*80,98,6.8,"183,00"
Водосток тротуарный 40х6х17 оливковый 420,Поддон 120*80,98,6.8,"183,00"
Водосток тротуарный 40х6х17 Белый,Поддон 120*80,98,6.8,"201,00"
Водосток тротуарный 40х6х17 коричневый № 655,Поддон 120*80,98,6.8,"183,00"
Водосток тротуарный 40х6х17 кофе+молоко F8000,Поддон 120*80,98,6.8,"183,00"
Водосток тротуарный 40х6х17 красн № 130,Поддон 120*80,98,6.8,"183,00"
Водосток тротуарный 40х6х17 терракота 503,Поддон 120*80,98,6.8,"183,00"
Водосток тротуарный 40х6х17 черный № 330,Поддон 120*80,98,6.8,"183,00"
"Водосток тротуарный 40х6х17 элит (0,7%- 960, 0,3%- 420)",Поддон 120*80,98,6.8,"215,00"
"Водосток тротуарный 40х6х17 элит (1%-420, 0,3%-960)",Поддон 120*80,98,6.8,"215,00"
Водосток тротуарный 40х6х17 элит (2% - 420),Поддон 120*80,98,6.8,"215,00"
Классико,,,,
"_Тротуарная плитка ""Классико"" серый (базовый)",Поддон 120*80,500,2.2,"11,58"
"_Тротуарная плитка ""Классико"" синий",Поддон 120*80,500,2.2,"12,44"
Классико Коктейль-Тоскана,Поддон 120*80,500,2.2,"12,44"
"Тротуарная плитка ""Классико"" бежевый № 960",Поддон 120*80,500,2.2,"12,44"
"Тротуарная плитка ""Классико"" Белый",Поддон 120*80,500,2.2,"14,79"
"Тротуарная плитка ""Классико"" коричневый № 655",Поддон 120*80,500,2.2,"12,44"
"Тротуарная плитка ""Классико"" кофе+молоко F8000",Поддон 120*80,500,2.2,"12,44"
"Тротуарная плитка ""Классико"" красн № 130",Поддон 120*80,500,2.2,"12,44"
"Тротуарная плитка ""Классико"" микс",Поддон 120*80,500,2.2,"12,44"
"Тротуарная плитка ""Классико"" оливковый № 420",Поддон 120*80,500,2.2,"12,44"
"Тротуарная плитка ""Классико"" терракота № 503",Поддон 120*80,500,2.2,"12,44"
"Тротуарная плитка ""Классико"" черный № 330",Поддон 120*80,500,2.2,"12,44"
"Тротуарная плитка ""Классико"" Элит 503 2%",Поддон 120*80,500,2.2,"16,00"
"Тротуарная плитка ""Классико"" элит (1%-420, 0,3%-960)",Поддон 120*80,500,2.2,"16,00"
"Тротуарная плитка Элит ""Классико"" микс белый",Поддон 120*80,500,2.2,"14,79"
"Тротуарная плитка Элит ""Классико"" элит (2% - 420)",Поддон 120*80,500,2.2,"16,00"
"Тротуарная плитка ""Кирпич""",,,,
"_Тротуарная плитка ""Кирпич"" 200х60х100 мм серый (базовый)",Поддон 120*80,480,2.2,"12,04"
"Тротуарная плитка ""Кирпич"" 200х60х100 мм элит (2% - 503)",Поддон 120*80,480,2.2,"16,64"
"Тротуарная плитка ""Кирпич"" 200х60х100 мм Белый",Поддон 120*80,480,2.2,"15,38"
"Тротуарная плитка ""Кирпич"" 200х60х100 мм элит (1%-420, 0,3%-960)",Поддон 120*80,480,2.2,"16,64"
"Тротуарная плитка ""Кирпич"" 200х60х100 мм элит (2% - 420)",Поддон 120*80,480,2.2,"16,64"
"Тротуарная плитка ""Кирпич"" 200х60х100 мм 960 5% бежевый Элит",Поддон 120*80,480,2.2,"16,64"
"Тротуарная плитка ""Кирпич"" 200х60х100 мм бежевый № 960",Поддон 120*80,480,2.2,"12,94"
"Тротуарная плитка ""Кирпич"" 200х60х100 мм коричневый № 655",Поддон 120*80,480,2.2,"12,94"
"Тротуарная плитка ""Кирпич"" 200х60х100 мм кофе+молоко F8000",Поддон 120*80,480,2.2,"12,94"
"Тротуарная плитка ""Кирпич"" 200х60х100 мм красн № 130",Поддон 120*80,480,2.2,"12,94"
"Тротуарная плитка ""Кирпич"" 200х60х100 мм оливковый 420",Поддон 120*80,480,2.2,"12,94"
"Тротуарная плитка ""Кирпич"" 200х60х100 мм терракота 503",Поддон 120*80,480,2.2,"12,94"
"Тротуарная плитка ""Кирпич"" 200х60х100 мм черный № 330",Поддон 120*80,480,2.2,"12,94"
10. Патио,,,,
_Барбекю PATIO,,,,
"Барбекю ""Grande"" Blanco",Поддон 120*80,4,4000,"130000,00"
"Барбекю ""Grande"" Rio",Поддон 120*80,4,4000,"130000,00"
"Барбекю ""Hogar"" Blanco",Поддон 120*80,4,2400,"84000,00"
"Барбекю ""Hogar"" Rio",Поддон 120*80,4,2400,"84000,00"
"Барбекю ""Massima"" Blanco",Поддон 120*80,,6500,"148000,00"
"Барбекю ""Massima"" Rio",Поддон 120*80,,6500,"148000,00"
"Барбекю ""Pasion"" Blanco",Поддон 120*80,3,3300,"108000,00"
"Барбекю ""Pasion"" Rio",Поддон 120*80,3,3300,"108000,00"
"Барбекю ""Sabroso"" Blanko",Поддон 120*80,5,3800,"110000,00"
"Барбекю ""Sabroso"" Rio",Поддон 120*80,5,3800,"110000,00"
_Барные стойки PATIO,,,,
"Барная стойка ""Fiesta"" Blanco",Поддон 120*80,3,2600,"45000,00"
"Барная стойка ""Fiesta"" Rio",Поддон 120*80,3,2600,"45000,00"
"Барная стойка ""Verano"" Rio",Поддон 120*80,3,2300,"50000,00"
"Барная стойка ""Verano"" Blanco",Поддон 120*80,3,2300,"50000,00"
_Диваны PATIO,,,,
"Диван ""Siesta"" Blanco",Поддон 120*80,2,2100,"32000,00"
"Диван ""Siesta"" Rio",Поддон 120*80,2,2100,"32000,00"
"Диван угловой ""Grande"" Blanco",Поддон 120*80,3,3100,"46000,00"
"Диван угловой ""Grande"" Rio",Поддон 120*80,3,3100,"46000,00"
_Камины PATIO,,,,
"Камин ""Patio Calor"" Blanco",Поддон 120*80,6,2400,"63000,00"
"Камин ""Patio Calor"" Rio",Поддон 120*80,6,2400,"63000,00"
6,Поддон 120*80,6,7100,"130000,00"
"Камин ""Patio Grande"" Rio",Поддон 120*80,6,7100,"130000,00"
"Камин ""Patio Milagro"" Blanco",Поддон 120*80,6,2305,"68000,00"
"Камин ""Patio Milagro"" Rio",Поддон 120*80,6,2305,"68000,00"
_Кострища PATIO,,,,
"Кострище ""Plaza"" Blanco",Поддон 120*80,1,350,"18000,00"
"Кострище ""Plaza"" Rio",Поддон 120*80,1,350,"18000,00"
"Кострище ""Roca"" Blanco",Поддон 120*80,1,450,"18000,00"
"Кострище ""Roca"" Rio",Поддон 120*80,1,450,"18000,00"
_Мангалы PATIO,,,,
"Мангал ""Belleza"" Rio",Поддон 120*80,3,2700,"63000,00"
"Мангал ""Belleza"" Blanco",Поддон 120*80,3,2700,"63000,00"
"Мангал ""Comodo"" РД Rio",Поддон 120*80,3,700,"21500,00"
"Мангал ""Estilo"" Blanco",Поддон 120*80,3,700,"30000,00"
"Мангал ""Estilo"" Rio",Поддон 120*80,3,700,"30000,00"
"Мангал ""Familia"" Blanco",Поддон 120*80,2,2300,"63000,00"
"Мангал ""Familia"" Rio",Поддон 120*80,2,2300,"63000,00"
"Мангал ""Fuego"" Blanco",Поддон 120*80,2,700,"30000,00"
"Мангал ""Fuego"" Rio",Поддон 120*80,2,700,"30000,00"
_Стены и столбы PATIO,,,,
Садовый парапет Blanco,Поддон 120*80,1,200,"3000,00"
Садовый парапет Rio,Поддон 120*80,1,200,"3000,00"
Садовый парапет с крышкой Blanco,Поддон 120*80,1,250,"3300,00"
Садовый парапет с крышкой Rio,Поддон 120*80,1,250,"3300,00"
Садовый парапет с просветом Blanco,Поддон 120*80,1,200,"2700,00"
Садовый парапет с просветом Rio,Поддон 120*80,1,200,"2700,00"
Садовый светильник Blanco,Поддон 120*80,1,500,"7200,00"
Садовый светильник Rio,Поддон 120*80,1,500,"7200,00"
Садовый столбик Blanco,Поддон 120*80,1,400,"4400,00"
Садовый столбик Rio,Поддон 120*80,1,400,"4400,00"
Столб ограждения Blanco,Поддон 120*80,1,600,"6500,00"
Столб ограждения Gray,Поддон 120*80,1,600,"6000,00"
Столб ограждения Rio,Поддон 120*80,1,600,"6500,00"
Столб светильник Blanco,Поддон 120*80,1,500,"8500,00"
Столб светильник Rio,Поддон 120*80,1,500,"8500,00"
_Столы PATIO,,,,
"Стол барный ""Arte"" Blanco",Поддон 120*80,,600,"10000,00"
"Стол барный ""Arte"" Rio",Поддон 120*80,,600,"10000,00"
"Стол обеденный ""Lujo"" Blanco",Поддон 120*80,,1000,"15000,00"
"Стол обеденный ""Lujo"" Rio",Поддон 120*80,,1000,"15000,00"
"Стол обеденный ""Magia"" Blanco",Поддон 120*80,,1000,"15000,00"
"Стол обеденный ""Magia"" Rio",Поддон 120*80,,1000,"15000,00"
A-камень 10 х 10 х 20,,,,
_А-камень 10 х 10 х 20 Gray,Поддон 120*80,432,3.8,"27,00"
А-камень 10 х 10 х 20 Rio,Поддон 120*80,432,3.8,"35,00"
А-камень 10 х 10 х 20 Blanco,Поддон 120*80,432,3.8,"35,00"
B-камень 10 х 20 х 20,,,,
_B-Камень 10 х 20 х 20 Gray,Поддон 120*80,216,7.5,"53,00"
B-Камень 10 х 20 х 20 Blanko,Поддон 120*80,216,7.5,"70,00"
B-Камень 10 х 20 х 20 Rio,Поддон 120*80,216,7.5,"70,00"
C-камень 10 х 10 х 30,,,,
_C-Камень 10 х 10 х 30 Gray,Поддон 120*80,288,5.55,"44,00"
C-Камень 10 х 10 х 30 Blanko,Поддон 120*80,288,5.55,"59,00"
C-Камень 10 х 10 х 30 Rio,Поддон 120*80,288,5.55,"58,00"
D-камень 10 х 20 х 30,,,,
_D-камень 10 х 20 х 30 Gray,Поддон 120*80,144,11,"82,00"
D-камень 10 х 20 х 30 Rio,Поддон 120*80,144,11,"108,00"
D-камень 10 х 20 х 30 Blanco,Поддон 120*80,144,11,"110,00"
E-камень 100 х 124/192 х 192,,,,
Е-камень 100 х 124/192 х 192 Rio,Поддон 120*80,,,"108,00"
Е-камень 100 х 124/192 х 192 Blanco,Поддон 120*80,,,"124,00"
F-камень 10 х 10 х 10 колотый,,,,
_F-камень 10 х 10 х 10 колотый Gray,Поддон 120*80,864,1.9,"14,00"
F-камень 10 х 10 х 10 колотый Blanco,Поддон 120*80,864,1.9,"21,00"
F-камень 10 х 10 х 10 колотый Rio,Поддон 120*80,864,4,"18,00"