"№","Код","name","size","palletSize","weight","opt","price"
"","","01. Стеновые блоки","","","","",""
"","","1 Блок 1/2 390х120х88","","","","",""
"1","З-00833","Бетонный блок  1/2 390x120x88 серый","Поддон 120*80","192","6.4","30.45","35"
"2","З-00834","Бетонный блок 1/2 390x120x88 Rio","Поддон 120*80","192","6.4","35.67","41"
"3","З-00876","Бетонный блок 1/2 390x120x88 Белый","Поддон 120*80","192","6.4","43.5","50"
"4","З-00852","Бетонный блок 1/2 390x120x88 коричневый № 655","Поддон 120*80","192","6.4","35.67","41"
"5","З-00853","Бетонный блок 1/2 390x120x88 красн № 130","Поддон 120*80","192","6.4","35.67","41"
"6","З-00854","Бетонный блок 1/2 390x120x88 оливковый 420","Поддон 120*80","192","6.4","35.67","41"
"7","З-00855","Бетонный блок 1/2 390x120x88 терракота 503","Поддон 120*80","192","6.4","35.67","41"
"8","З-00856","Бетонный блок 1/2 390x120x88 черный № 330","Поддон 120*80","192","6.4","35.67","41"
"9","З-01117","Бетонный блок 1/2 390x120x88 Элит (0.8%-420)","Поддон 120*80","192","6.4","50.46","58"
"10","З-00857","Бетонный блок 1/2 390x120x88 элит (1%-420, 0,3%-960)","Поддон 120*80","192","6.4","50.46","58"
"11","З-01157","Бетонный блок 1/2 390x120x88 Элит (2% - 420)","Поддон 120*80","192","6.4","50.46","58"
"12","З-01152","Бетонный блок 1/2 390x120x88 Элит (2% - 503)","Поддон 120*80","192","6.4","50.46","58"
"","","2 Блок колотый 1/2 188х120х190","","","","",""
"13","З-00839","Бетонный блок  колотый 1/2 188x120x190 серый","Поддон 120*80","180","6.2","31.32","36"
"14","З-00838","Бетонный блок колотый  1/2 188x120x190 Rio","Поддон 120*80","180","6.2","36.54","42"
"15","З-00864","Бетонный блок колотый  1/2 188x120x190 черный № 330","Поддон 120*80","180","6.2","36.54","42"
"16","З-00863","Бетонный блок колотый 1/2 188x120x190 Белый","Поддон 120*80","180","6.2","53.94","62"
"17","З-00860","Бетонный блок колотый 1/2 188x120x190 коричневый № 655","Поддон 120*80","180","6.2","36.54","42"
"18","З-00861","Бетонный блок колотый 1/2 188x120x190 красн № 130","Поддон 120*80","180","6.2","36.54","42"
"19","З-00862","Бетонный блок колотый 1/2 188x120x190 оливковый 420","Поддон 120*80","180","6.2","36.54","42"
"20","З-00865","Бетонный блок колотый 1/2 188x120x190 терракота 503","Поддон 120*80","180","6.2","36.54","42"
"21","З-01154","Бетонный блок колотый 1/2 188x120x190 Элит (0.8%-420)","Поддон 120*80","180","6.2","63.51","73"
"22","З-00866","Бетонный блок колотый 1/2 188x120x190 элит (1%-420, 0,3%-960)","Поддон 120*80","180","6.2","63.51","73"
"23","З-00921","Бетонный блок колотый 1/2 188x120x190 элит (2% - 420)","Поддон 120*80","180","6.2","63.51","73"
"24","З-01116","Бетонный блок колотый 1/2 188x120x190 Элит (2% - 503)","Поддон 120*80","180","6.2","63.51","73"
"","","3 Блок  1/4 188х120х88","","","","",""
"25","З-00841","_Бетонный блок 1/4 188x120x88 серый","Поддон 120*80","384","3.1","15.66","18"
"26","З-00842","Бетонный блок  1/4 188x120x88 Rio","Поддон 120*80","384","3.1","20.01","23"
"27","З-00869","Бетонный блок 1/4 188x120x88 Белый","Поддон 120*80","384","3.1","26.97","31"
"28","З-00870","Бетонный блок 1/4 188x120x88 коричневый № 655","Поддон 120*80","384","3.1","20.01","23"
"29","З-00871","Бетонный блок 1/4 188x120x88 красн № 130","Поддон 120*80","384","3.1","20.01","23"
"30","З-00872","Бетонный блок 1/4 188x120x88 оливковый 420","Поддон 120*80","384","3.1","20.01","23"
"31","З-00873","Бетонный блок 1/4 188x120x88 терракота 503","Поддон 120*80","384","3.1","20.01","23"
"32","З-00874","Бетонный блок 1/4 188x120x88 черный № 330","Поддон 120*80","384","3.1","20.01","23"
"33","З-01118","Бетонный блок 1/4 188x120x88 Элит (0.8%-420)","Поддон 120*80","384","3.1","32.19","37"
"34","З-00875","Бетонный блок 1/4 188x120x88 элит (1%-420, 0,3%-960)","Поддон 120*80","384","3.1","32.19","37"
"35","З-01153","Бетонный блок 1/4 188x120x88 Элит (2% - 503)","Поддон 120*80","384","3.1","32.19","37"
"","","Блок  39х10х19","","","","",""
"36","Ц-00001","Бетонный блок 39x10x19 серый","Поддон 120*80","120","10","33.06","38"
"37","Ц-00006","Бетонный блок 39x10x19 бежевый № 960","Поддон 120*80","120","10","38.28","44"
"38","Ц-00009","Бетонный блок 39x10x19 Белый","Поддон 120*80","120","10","58.29","67"
"39","Ц-00007","Бетонный блок 39x10x19 коричневый № 655","Поддон 120*80","120","10","38.28","44"
"40","Ц-00002","Бетонный блок 39x10x19 красн № 130","Поддон 120*80","120","10","38.28","44"
"41","Ц-00005","Бетонный блок 39x10x19 оливковый 420","Поддон 120*80","120","10","38.28","44"
"42","Ц-00003","Бетонный блок 39x10x19 терракота 503","Поддон 120*80","120","10","38.28","44"
"43","Ц-00004","Бетонный блок 39x10x19 черный № 330","Поддон 120*80","120","10","38.28","44"
"44","З-00704","Бетонный блок 39x10x19 Элит (0,5%-420)","Поддон 120*80","120","10","64.38","74"
"45","З-00712","Бетонный блок 39x10x19 Элит (0.8%-420)","Поддон 120*80","120","10","64.38","74"
"46","З-00164","Бетонный блок 39x10x19 Элит (1%-420, 0,3%-960)","Поддон 120*80","120","10","64.38","74"
"47","З-00330","Бетонный блок 39x10x19 Элит (2% - 420)","Поддон 120*80","120","10","64.38","74"
"48","З-00465","Бетонный блок 39x10x19 Элит (2% - 503)","Поддон 120*80","120","10","64.38","74"
"49","З-00793","Бетонный блок 39x10x19 Элит (2%-130)","Поддон 120*80","120","10","64.38","74"
"50","З-00744","Бетонный блок 39x10x19 Элит (2%-960)","Поддон 120*80","120","10","64.38","74"
"","","Блок  39х12х19","","","","",""
"51","О-00063","Бетонный блок 39х12х19 серый","Поддон 120*80","96","12","45.24","52"
"52","О-00064","Бетонный блок 39х12х19 бежевый № 960","Поддон 120*80","96","12","53.94","62"
"53","О-00068","Бетонный блок 39х12х19 Белый","Поддон 120*80","96","12","80.04000000000001","92"
"54","О-00140","Бетонный блок 39х12х19 коричневый № 655","Поддон 120*80","96","12","53.94","62"
"55","О-00066","Бетонный блок 39х12х19 красн № 130","Поддон 120*80","96","12","53.94","62"
"56","О-00065","Бетонный блок 39х12х19 оливковый 420","Поддон 120*80","96","12","53.94","62"
"57","О-00067","Бетонный блок 39х12х19 терракота 503","Поддон 120*80","96","12","53.94","62"
"58","З-00131","Бетонный блок 39х12х19 черный № 330","Поддон 120*80","96","12","53.94","62"
"59","З-00789","Бетонный блок 39х12х19 Элит (0.8%-420)","Поддон 120*80","96","12","89.61","103"
"60","З-00130","Бетонный блок 39х12х19 Элит (1%-420, 0,3%-960)","Поддон 120*80","96","12","89.61","103"
"61","З-00129","Бетонный блок 39х12х19 Элит (2% - 420)","Поддон 120*80","96","12","89.61","103"
"62","З-00341","Бетонный блок 39х12х19 Элит (2% - 503)","Поддон 120*80","96","12","89.61","103"
"63","З-00714","Бетонный блок 39х12х19 Элит (2%-130)","Поддон 120*80","96","12","89.61","103"
"64","З-00708","Бетонный блок 39х12х19 Элит (2%-960)","Поддон 120*80","96","12","89.61","103"
"","","Блок  39х19х19","","","","",""
"65","Ц-00012","_Бетонный блок 39x19x19 серый","Поддон 120*80","60","18","62.64","72"
"66","Ц-00017","Бетонный блок 39x19x19 бежевый № 960","Поддон 120*80","60","18","78.3","90"
"67","Ц-00020","Бетонный блок 39x19x19 Белый","Поддон 120*80","60","18","100.05","115"
"68","Ц-00018","Бетонный блок 39x19x19 коричневый № 655","Поддон 120*80","60","18","78.3","90"
"69","Ц-00013","Бетонный блок 39x19x19 красн № 130","Поддон 120*80","60","18","78.3","90"
"70","Ц-00016","Бетонный блок 39x19x19 оливковый № 420","Поддон 120*80","60","18","78.3","90"
"71","Ц-00014","Бетонный блок 39x19x19 терракота № 503","Поддон 120*80","60","18","78.3","90"
"72","Ц-00015","Бетонный блок 39x19x19 черный № 330","Поддон 120*80","60","18","78.3","90"
"73","З-00326","Бетонный блок 39x19x19 элит (1%-420, 0,3%-960)","Поддон 120*80","60","18","112.23","129"
"74","З-00350","Бетонный блок 39x19x19 элит (2% - 420)","Поддон 120*80","60","18","112.23","129"
"75","З-00630","Бетонный блок 39x19x19 элит (2% - 503)","Поддон 120*80","60","18","112.23","129"
"76","П-00072","Бетонный блок 39x19x19 Элит (2%-130)","Поддон 120*80","60","18","112.23","129"
"","","Блок ""Столб"" 30х30х30","","","","",""
"77","Ц-00033","_Бетонный блок ""Столб"" 30х30х30 серый","Поддон 120*80","36","30","123.54","142"
"78","Ц-00064","Бетонный блок ""Столб"" 30х30х30 бежевый № 960","Поддон 120*80","36","30","145.29","167"
"79","Ц-00067","Бетонный блок ""Столб"" 30х30х30 Белый","Поддон 120*80","36","30","195.75","225"
"80","Ц-00065","Бетонный блок ""Столб"" 30х30х30 коричневый № 655","Поддон 120*80","36","30","145.29","167"
"81","Ц-00060","Бетонный блок ""Столб"" 30х30х30 красн № 130","Поддон 120*80","36","30","145.29","167"
"82","Ц-00063","Бетонный блок ""Столб"" 30х30х30 оливковый 420","Поддон 120*80","36","30","145.29","167"
"83","Ц-00061","Бетонный блок ""Столб"" 30х30х30 терракота № 503","Поддон 120*80","36","30","145.29","167"
"84","Ц-00062","Бетонный блок ""Столб"" 30х30х30 черный № 330","Поддон 120*80","36","30","145.29","167"
"85","З-00785","Бетонный блок ""Столб"" 30х30х30 Элит (0.8%-420)","Поддон 120*80","36","30","214.89","247"
"86","З-00144","Бетонный блок ""Столб"" 30х30х30 Элит (1%-420, 0,3%-960)","Поддон 120*80","36","30","214.89","247"
"87","З-00417","Бетонный блок ""Столб"" 30х30х30 элит (2% - 420)","Поддон 120*80","36","30","214.89","247"
"88","З-00426","Бетонный блок ""Столб"" 30х30х30 элит (2% - 503)","Поддон 120*80","36","30","214.89","247"
"89","З-00719","Бетонный блок ""Столб"" 30х30х30 Элит (2%-130)","Поддон 120*80","36","30","214.89","247"
"90","З-00745","Бетонный блок ""Столб"" 30х30х30 Элит (2%-960)","Поддон 120*80","36","30","214.89","247"
"","","Блок ""Столб"" круглый","","","","",""
"91","З-00752","_Бетонный блок ""Столб"" круглый серый","Поддон 120*80","36","27","123.54","142"
"92","З-00796","Бетонный блок ""Столб"" 30х30х30 круглый коричневый № 655","Поддон 120*80","36","27","145.29","167"
"93","З-00998","Бетонный блок ""Столб"" 30х30х30 круглый терракота 503","Поддон 120*80","36","27","145.29","167"
"","","Блок ""Фальшстолб""","","","","",""
"94","З-01133","Блок ""Фальшстолб"" 36х30х4,5 серый","Поддон 120*80"," ","9.6","104.4","120"
"95","З-01159","Блок ""Фальшстолб"" 36х30х4,5 бежевый № 960","Поддон 120*80"," ","5","121.8","140"
"96","З-01135","Блок ""Фальшстолб"" 36х30х4,5 Белый","Поддон 120*80"," ","9.6","154.86","178"
"97","З-01158","Блок ""Фальшстолб"" 36х30х4,5 терракота 503","Поддон 120*80"," ","5","121.8","140"
"98","З-01134","Блок ""Фальшстолб"" 36х30х4,5 черный № 330","Поддон 120*80"," ","5","121.8","140"
"99","З-01160","Блок ""Фальшстолб"" 36х30х4,5 Элит (1%-420, 0,3%-960)","Поддон 120*80"," ","9.6","178.35","205"
"100","З-01136","Блок ""Фальшстолб"" 36х30х4,5 Элит (2% - 503)","Поддон 120*80"," ","9.6","178.35","205"
"","","Блок Именной камень ""СТОУН ТЭК""","","","","",""
"101","З-00918","_Именной камень ""СТОУН ТЭК""  39x19x4 серый","Поддон 120*80"," "," ","0.01","0.01"
"102","З-00953","Именной камень ""СТОУН ТЭК"" бежевый № 960","Поддон 120*80"," "," ","0.01","0.01"
"","","Блок колотый 39х12х19","","","","",""
"103","О-00014","Бетонный блок колотый 39х12х19 серый","Поддон 120*80","96","12","60.9","70"
"104","З-00844","Бетонный блок колотый 390x120x190 Rio","Поддон 120*80","96","12","71.34","82"
"105","О-00016","Бетонный блок колотый 39х12х19 бежевый № 960","Поддон 120*80","96","12","71.34","82"
"106","О-00029","Бетонный блок колотый 39х12х19 Белый","Поддон 120*80","96","12","105.27","121"
"107","О-00019","Бетонный блок колотый 39х12х19 коричневый № 655","Поддон 120*80","96","12","71.34","82"
"108","О-00056","Бетонный блок колотый 39х12х19 красн № 130","Поддон 120*80","96","12","71.34","82"
"109","О-00015","Бетонный блок колотый 39х12х19 оливковый 420","Поддон 120*80","96","12","71.34","82"
"110","О-00055","Бетонный блок колотый 39х12х19 терракота 503","Поддон 120*80","96","12","71.34","82"
"111","З-00047","Бетонный блок колотый 39х12х19 черный № 330","Поддон 120*80","96","12","71.34","82"
"112","З-00139","Бетонный блок колотый 39х12х19 Элит (0,7%- 960, 0,3%- 420)","Поддон 120*80","96","12","125.28","144"
"113","З-00711","Бетонный блок колотый 39х12х19 Элит (0.8%-420)","Поддон 120*80","96","12","125.28","144"
"114","З-00147","Бетонный блок колотый 39х12х19 Элит (1%-420, 0,3%-960)","Поддон 120*80","96","12","125.28","144"
"115","З-00388","Бетонный блок колотый 39х12х19 Элит (2% - 420)","Поддон 120*80","96","12","125.28","144"
"116","З-00367","Бетонный блок колотый 39х12х19 Элит (2% - 503)","Поддон 120*80","96","12","125.28","144"
"117","З-00720","Бетонный блок колотый 39х12х19 Элит (2%-130)","Поддон 120*80","96","12","125.28","144"
"118","З-00750","Бетонный блок колотый 39х12х19 Элит (2%-960)","Поддон 120*80","96","12","125.28","144"
"","","Полублок столба колотый","","","","",""
"119","З-00694","_Полублок столба колотый 190х190х190мм серый","Поддон 120*80","96","11","57.42","66"
"120","З-00730","Полублок столба колотый 190х190х190мм  красн № 130","Поддон 120*80","96","11","69.59999999999999","80"
"121","З-00726","Полублок столба колотый 190х190х190мм бежевый № 960","Поддон 120*80","96","11","69.59999999999999","80"
"122","З-00727","Полублок столба колотый 190х190х190мм Белый","Поддон 120*80","96","11","92.22","106"
"123","З-00728","Полублок столба колотый 190х190х190мм коричневый № 655","Поддон 120*80","96","11","69.59999999999999","80"
"124","З-00731","Полублок столба колотый 190х190х190мм оливковый 420","Поддон 120*80","96","11","69.59999999999999","80"
"125","З-00732","Полублок столба колотый 190х190х190мм терракота 503","Поддон 120*80","96","11","69.59999999999999","80"
"126","З-00733","Полублок столба колотый 190х190х190мм черный № 330","Поддон 120*80","96","11","69.59999999999999","80"
"127","З-00734","Полублок столба колотый 190х190х190мм элит (2% - 420)","Поддон 120*80","96","11","105.27","121"
"128","З-00735","Полублок столба колотый 190х190х190мм элит (2% - 503)","Поддон 120*80","96","11","105.27","121"
"129","З-00792","Полублок столба колотый 190х190х190мм  Элит (2%-130)","Поддон 120*80","96","11","105.27","121"
"130","З-00736","Полублок столба колотый 190х190х190мм  Элит (1%-420, 0,3%-960)","Поддон 120*80","96","11","105.27","121"
"","","Прочее","","","","",""
"131","З-00895","Плита (стрелковое место)  90х90х6 серый","Поддон 120*80"," "," "," ","500"
"132","З-00829","Плита для закрытия каналов связи"," "," "," ","156.6","180"
"133","З-00827","Столб маркерный для кабеля 145х20х10 серый","Поддон 120*80"," "," "," ","500"
"","","02. МАФ","","","","",""
"","","Крышка заборная  20х22х6 колотая","","","","",""
"134","О-00075","Крышка заборная 20х22х6 колотая серый","Поддон 120*80","132","5.8","98.31","113"
"135","О-00101","Крышка заборная 20х22х6 колотая бежевый № 960","Поддон 120*80","132","5.8","113.1","130"
"136","О-00076","Крышка заборная 20х22х6 колотая Белый","Поддон 120*80","132","5.8","146.16","168"
"137","О-00078","Крышка заборная 20х22х6 колотая коричневый № 655","Поддон 120*80","132","5.8","113.1","130"
"138","О-00079","Крышка заборная 20х22х6 колотая красн № 130","Поддон 120*80","132","5.8","113.1","130"
"139","О-00077","Крышка заборная 20х22х6 колотая оливковый № 420","Поддон 120*80","132","5.8","113.1","130"
"140","О-00080","Крышка заборная 20х22х6 колотая терракот № 503","Поддон 120*80","132","5.8","113.1","130"
"141","О-00081","Крышка заборная 20х22х6 колотая черный № 330","Поддон 120*80","132","5.8","113.1","130"
"142","З-00661","Крышка заборная 20х22х6 колотая Элит (1%-420, 0,3%-960)","Поддон 120*80","132","5.8","164.43","189"
"143","З-00743","Крышка заборная 20х6х22 колотая элит (2% - 420)","Поддон 120*80","132","5.8","164.43","189"
"144","З-00334","Крышка заборная 20х22х6 колотая Элит (2% - 503)","Поддон 120*80","132","5.8","164.43","189"
"","","Крышка заборная  40х15х4 закругл.","","","","",""
"145","Ц-00110","Крышка заборная 40х15х4 закругл. серый","Поддон 120*80","155","5.5","78.3","90"
"146","Ц-00115","Крышка заборная 40х15х4 закругл. бежевый № 960","Поддон 120*80","155","5.5","91.34999999999999","105"
"147","Ц-00118","Крышка заборная 40х15х4 закругл. Белый","Поддон 120*80","155","5.5","115.71","133"
"148","Ц-00116","Крышка заборная 40х15х4 закругл. коричневый № 655","Поддон 120*80","155","5.5","91.34999999999999","105"
"149","Ц-00111","Крышка заборная 40х15х4 закругл. красн № 130","Поддон 120*80","155","5.5","91.34999999999999","105"
"150","Ц-00114","Крышка заборная 40х15х4 закругл. оливковый № 420","Поддон 120*80","155","5.5","91.34999999999999","105"
"151","Ц-00112","Крышка заборная 40х15х4 закругл. терракот № 503","Поддон 120*80","155","5.5","91.34999999999999","105"
"152","Ц-00113","Крышка заборная 40х15х4 закругл. черный № 330","Поддон 120*80","155","5.5","91.34999999999999","105"
"153","З-00172","Крышка заборная 40х15х4 закругл. Элит (1%-420, 0,3%-960)","Поддон 120*80","155","5.5","133.11","153"
"154","З-00470","Крышка заборная 40х15х4 закругл. элит (2% - 420)","Поддон 120*80","155","5.5","133.11","153"
"155","З-00409","Крышка заборная 40х15х4 закругл. элит (2% - 503)","Поддон 120*80","155","5.5","133.11","153"
"","","Крышка заборная  40х15х4 прямая","","","","",""
"156","Ц-00130","Крышка заборная 40х15х4 прямая серый","Поддон 120*80","155","5.4","70.47","81"
"157","Ц-00135","Крышка заборная 40х15х4 прямая бежевый № 960","Поддон 120*80","155","5.4","86.13","99"
"158","Ц-00138","Крышка заборная 40х15х4 прямая Белый","Поддон 120*80","155","5.4","108.75","125"
"159","Ц-00136","Крышка заборная 40х15х4 прямая коричневый № 655","Поддон 120*80","155","5.4","86.13","99"
"160","Ц-00131","Крышка заборная 40х15х4 прямая красн № 130","Поддон 120*80","155","5.4","86.13","99"
"161","Ц-00134","Крышка заборная 40х15х4 прямая оливковый № 420","Поддон 120*80","155","5.4","86.13","99"
"162","Ц-00132","Крышка заборная 40х15х4 прямая терракот № 503","Поддон 120*80","155","5.4","86.13","99"
"163","Ц-00133","Крышка заборная 40х15х4 прямая черный № 330","Поддон 120*80","155","5.4","86.13","99"
"","","Крышка заборная  40х15х4 с фаской","","","","",""
"164","Ц-00120","_Крышка заборная 40х15х4 с фаской серый","Поддон 120*80","155","5.3","70.47","81"
"165","Ц-00125","Крышка заборная 40х15х4 с фаской бежевый № 960","Поддон 120*80","155","5.3","86.13","99"
"166","Ц-00128","Крышка заборная 40х15х4 с фаской Белый","Поддон 120*80","155","5.3","108.75","125"
"167","Ц-00126","Крышка заборная 40х15х4 с фаской коричневый № 655","Поддон 120*80","155","5.3","86.13","99"
"168","Ц-00121","Крышка заборная 40х15х4 с фаской красн № 130","Поддон 120*80","155","5.3","86.13","99"
"169","Ц-00124","Крышка заборная 40х15х4 с фаской оливковый № 420","Поддон 120*80","155","5.3","86.13","99"
"170","Ц-00122","Крышка заборная 40х15х4 с фаской терракот № 503","Поддон 120*80","155","5.3","86.13","99"
"171","Ц-00123","Крышка заборная 40х15х4 с фаской черный № 330","Поддон 120*80","155","5.3","86.13","99"
"172","З-00496","Крышка заборная 40х15х4 с фаской элит (1%-420, 0,3%-960)","Поддон 120*80","155","5.3","126.15","145"
"173","З-00902","Крышка заборная 40х15х4 с фаской Элит (2% - 420)","Поддон 120*80","155","5.3","126.15","145"
"174","З-00484","Крышка заборная 40х15х4 с фаской элит (2% - 503)","Поддон 120*80","155","5.3","126.15","145"
"","","Крышка заборная  50х25х5","","","","",""
"175","Ц-00099","Крышка заборная  50х25х5 серый","Поддон 120*80","70","12","144.42","166"
"176","Ц-00105","Крышка заборная  50х25х5 бежевый № 960","Поддон 120*80","70","12","183.57","211"
"177","Ц-00108","Крышка заборная  50х25х5 Белый","Поддон 120*80","70","12","234.9","270"
"178","Ц-00106","Крышка заборная  50х25х5 коричневый № 655","Поддон 120*80","70","12","183.57","211"
"179","Ц-00100","Крышка заборная  50х25х5 красн № 130","Поддон 120*80","70","12","183.57","211"
"180","Ц-00104","Крышка заборная  50х25х5 оливковый 420","Поддон 120*80","70","12","183.57","211"
"181","Ц-00101","Крышка заборная  50х25х5 терракота 503","Поддон 120*80","70","12","183.57","211"
"182","Ц-00103","Крышка заборная  50х25х5 черный № 330","Поддон 120*80","70","12","183.57","211"
"183","З-00328","Крышка заборная  50х25х5 Элит (0,7%- 960, 0,3%- 420)","Поддон 120*80","70","12","256.65","295"
"184","З-01129","Крышка заборная  50х25х5 Элит (0.8%-420)","Поддон 120*80","70","12","256.65","295"
"185","З-00416","Крышка заборная  50х25х5 Элит (1%-420, 0,3%-960)","Поддон 120*80","70","12","256.65","295"
"186","З-00419","Крышка заборная  50х25х5 Элит (2% - 420)","Поддон 120*80","70","12","256.65","295"
"187","З-00343","Крышка заборная  50х25х5 Элит (2% - 503)","Поддон 120*80","70","12","256.65","295"
"188","З-00899","Крышка заборная  50х25х5 Элит (2%-130)","Поддон 120*80","70","12","256.65","295"
"","","Крышка заборная 40х17х5 двускатная","","","","",""
"189","З-00764","Крышка заборная 40х17х5 двускатная серый","Поддон 120*80","98","6.75","82.65000000000001","95"
"190","З-00765","Крышка заборная 40х17х5 двускатная бежевый № 960","Поддон 120*80","98","6.75","99.18000000000001","114"
"191","З-00766","Крышка заборная 40х17х5 двускатная Белый","Поддон 120*80","98","6.75","132.24","152"
"192","З-00767","Крышка заборная 40х17х5 двускатная коричневый № 655","Поддон 120*80","98","6.75","99.18000000000001","114"
"193","З-00768","Крышка заборная 40х17х5 двускатная красн № 130","Поддон 120*80","98","6.75","99.18000000000001","114"
"194","З-00769","Крышка заборная 40х17х5 двускатная оливковый 420","Поддон 120*80","98","6.75","99.18000000000001","114"
"195","З-00770","Крышка заборная 40х17х5 двускатная терракота 503","Поддон 120*80","98","6.75","99.18000000000001","114"
"196","З-00771","Крышка заборная 40х17х5 двускатная черный № 330","Поддон 120*80","98","6.75","99.18000000000001","114"
"197","З-00788","Крышка заборная 40х17х5 двускатная Элит (0.8%-420)","Поддон 120*80","98","6.75","153.12","176"
"198","З-00778","Крышка заборная 40х17х5 двускатная Элит (1%-420, 0,3%-960)","Поддон 120*80","98","6.75","153.12","176"
"199","З-00772","Крышка заборная 40х17х5 двускатная Элит (2% - 420)","Поддон 120*80","98","6.75","153.12","176"
"200","З-00773","Крышка заборная 40х17х5 двускатная Элит (2% - 503)","Поддон 120*80","98","6.75","153.12","176"
"201","З-00774","Крышка заборная 40х17х5 двускатная Элит (2%-130)","Поддон 120*80","98","6.75","153.12","176"
"202","З-00802","Крышка заборная 40х17х5 двускатная Элит (2%-960)","Поддон 120*80","98","6.75","153.12","176"
"","","Крышка заборная 40х17х5 закругленная","","","","",""
"203","П-00008","Крышка заборная 40х17х5 закругл серый","Поддон 120*80","145","5","82.65000000000001","95"
"204","Д-00004","Крышка заборная 40х17х5 закругл бежевый № 960","Поддон 120*80","145","5","99.18000000000001","114"
"205","Д-00005","Крышка заборная 40х17х5 закругл Белый","Поддон 120*80","145","5","132.24","152"
"206","Д-00006","Крышка заборная 40х17х5 закругл коричневый № 655","Поддон 120*80","145","5","99.18000000000001","114"
"207","Д-00009","Крышка заборная 40х17х5 закругл красн № 130","Поддон 120*80","145","5","99.18000000000001","114"
"208","Д-00010","Крышка заборная 40х17х5 закругл оливковый 420","Поддон 120*80","145","5","99.18000000000001","114"
"209","Д-00011","Крышка заборная 40х17х5 закругл терракота 503","Поддон 120*80","145","5","99.18000000000001","114"
"210","Д-00012","Крышка заборная 40х17х5 закругл черный № 330","Поддон 120*80","145","5","99.18000000000001","114"
"211","З-00691","Крышка заборная 40х17х5 закругл Элит (1%-420, 0,3%-960)","Поддон 120*80","145","5","153.12","176"
"212","З-00159","Крышка заборная 40х17х5 закругл Элит (2% - 503)","Поддон 120*80","145","5","153.12","176"
"","","Крышка заборная 40х22х6","","","","",""
"213","З-00937","Крышка заборная 40х22х6 серый","Поддон 120*80","70","6.75","130.5","150"
"214","З-00947","Крышка заборная 40х22х6 бежевый № 960","Поддон 120*80","70","6.75","156.6","180"
"215","З-00939","Крышка заборная 40х22х6 Белый","Поддон 120*80","70","6.75","214.02","246"
"216","З-00938","Крышка заборная 40х22х6 коричневый № 655","Поддон 120*80","70","6.75","156.6","180"
"217","З-01148","Крышка заборная 40х22х6 Элит (0.8%-420)","Поддон 120*80","70","6.75","251.43","289"
"218","З-01077","Крышка заборная 40х22х6 Элит (1%-420, 0,3%-960)","Поддон 120*80","70","6.75","251.43","289"
"219","З-00940","Крышка заборная 40х22х6 Элит (2% - 420)","Поддон 120*80","70","6.75","251.43","289"
"220","З-01029","Крышка заборная 40х22х6 Элит (2% - 503)","Поддон 120*80","70","6.75","251.43","289"
"","","Крышка заборная 40х30х6 фигурная","","","","",""
"221","З-01025","Крышка заборная фигурная 40х30х6 серый","Поддон 120*80","56","13","159.21","183"
"222","З-01110","Крышка заборная фигурная 40х30х6 бежевый № 960","Поддон 120*80","56","13","201.84","232"
"223","З-01111","Крышка заборная фигурная 40х30х6 Белый","Поддон 120*80","56","13","258.39","297"
"224","З-01126","Крышка заборная фигурная 40х30х6 коричневый № 655","Поддон 120*80","56","13","201.84","232"
"225","З-01112","Крышка заборная фигурная 40х30х6 элит (2% - 503)","Поддон 120*80","56","13","283.62","326"
"","","Крышка заборная 50х35х9 двускатная","","","","",""
"226","З-00019","Крышка заборная 50х35х9 двускатная серый","Поддон 120*80","32","23.75","243.6","280"
"227","З-00037","Крышка заборная 50х35х9 двускатная бежевый № 960","Поддон 120*80","32","23.75","279.27","321"
"228","М-00004","Крышка заборная 50х35х9 двускатная Белый","Поддон 120*80","32","23.75","368.01","423"
"229","З-00123","Крышка заборная 50х35х9 двускатная коричневый № 655","Поддон 120*80","32","23.75","279.21","321"
"230","З-00032","Крышка заборная 50х35х9 двускатная красн № 130","Поддон 120*80","32","23.75","279.27","321"
"231","З-00020","Крышка заборная 50х35х9 двускатная оливковый 420","Поддон 120*80","32","23.75","279.27","321"
"232","З-00033","Крышка заборная 50х35х9 двускатная терракота 503","Поддон 120*80","32","23.75","279.27","321"
"233","З-00779","Крышка заборная 50х35х9 двускатная черный № 330","Поддон 120*80","32","23.75","279.27","321"
"234","З-00423","Крышка заборная 50х35х9 двускатная Элит (1%-420, 0,3%-960)","Поддон 120*80","32","23.75","403.68","464"
"235","З-00421","Крышка заборная 50х35х9 двускатная Элит (2% - 420)","Поддон 120*80","32","23.75","403.68","464"
"236","З-00454","Крышка заборная 50х35х9 двускатная Элит (2% - 503)","Поддон 120*80","32","23.75","403.68","464"
"","","Крышка отлив  39х10х5","","","","",""
"237","З-00696","Крышка отлив 39х10х5 серый","Поддон 120*80","168","3.51","58.29","67"
"","","Крышка столба 40х40","","","","",""
"238","Ц-00079","_Крышка столба 40х40 серый","Поддон 120*80","20","19","208.8","240"
"239","Ц-00084","Крышка столба 40х40 бежевый № 960","Поддон 120*80","20","19","243.6","280"
"240","Ц-00087","Крышка столба 40х40 Белый","Поддон 120*80","20","19","307.98","354"
"241","Ц-00085","Крышка столба 40х40 коричневый № 655","Поддон 120*80","20","19","243.6","280"
"242","Ц-00080","Крышка столба 40х40 красн № 130","Поддон 120*80","20","19","243.6","280"
"243","Ц-00083","Крышка столба 40х40 оливковый № 420","Поддон 120*80","20","19","243.6","280"
"244","Ц-00081","Крышка столба 40х40 терракот № 503","Поддон 120*80","20","19","243.6","280"
"245","Ц-00082","Крышка столба 40х40 черный № 330","Поддон 120*80","20","19","243.6","280"
"246","З-00175","Крышка столба 40х40 Элит (0,7%-960, 0,3%-420)","Поддон 120*80","20","19","357.57","411"
"247","З-00786","Крышка столба 40х40 Элит (0.8%-420)","Поддон 120*80","20","19","357.57","411"
"248","З-00146","Крышка столба 40х40 Элит (1%-420, 0,3%-960)","Поддон 120*80","20","19","357.57","411"
"249","З-00418","Крышка столба 40х40 элит (2% - 420)","Поддон 120*80","20","19","357.57","411"
"250","З-00157","Крышка столба 40х40 Элит (2% -503)","Поддон 120*80","20","19","357.57","411"
"251","З-00718","Крышка столба 40х40 Элит (2%-130)","Поддон 120*80","20","19","357.57","411"
"252","З-00746","Крышка столба 40х40 Элит (2%-960)","Поддон 120*80","20","19","357.57","411"
"","","Крышка столба 40х40 колотая","","","","",""
"253","О-00083","_Крышка столба 40х40 колотая серый","Поддон 120*80","42","21.75","294.06","338"
"254","О-00084","Крышка столба 40х40 колотая бежевый № 960","Поддон 120*80","42","21.75","338.43","389"
"255","О-00090","Крышка столба 40х40 колотая Белый","Поддон 120*80","42","21.75","426.3","490"
"256","О-00086","Крышка столба 40х40 колотая коричневый № 655","Поддон 120*80","42","21.75","338.43","389"
"257","О-00087","Крышка столба 40х40 колотая красн № 130","Поддон 120*80","42","21.75","338.43","389"
"258","О-00085","Крышка столба 40х40 колотая оливковый № 420","Поддон 120*80","42","21.75","338.43","389"
"259","О-00088","Крышка столба 40х40 колотая терракот № 503","Поддон 120*80","42","21.75","338.43","389"
"260","О-00089","Крышка столба 40х40 колотая черный № 330","Поддон 120*80","42","21.75","338.43","389"
"261","З-00916","Крышка столба 40х40 колотая элит (1%-420, 0,3%-960)","Поддон 120*80","42","21.75","473.28","544"
"262","З-00742","Крышка столба 40х40 колотая элит (2% - 420)","Поддон 120*80","42","21.75","473.28","544"
"263","З-00660","Крышка столба 40х40 колотая Элит (2% - 503)","Поддон 120*80","42","21.75","473.28","544"
"","","Крышка столба 40х40х6 плоская","","","","",""
"264","З-00932","Крышка столба 40х40х6 плоская серый","Поддон 120*80","20","19","208.8","240"
"265","З-00933","Крышка столба 40х40х6 плоская бежевый № 960","Поддон 120*80","20","19","243.6","280"
"266","З-00934","Крышка столба 40х40х6 плоская Белый","Поддон 120*80","20","19","307.98","354"
"267","З-00987","Крышка столба 40х40х6 плоская коричневый № 655","Поддон 120*80","20","19","243.6","280"
"268","З-00954","Крышка столба 40х40х6 плоская терракота 503","Поддон 120*80","20","19","243.6","280"
"269","З-01147","Крышка столба 40х40х6 плоская Элит (0,8%-420)","Поддон 120*80","20","19","357.57","411"
"270","З-00950","Крышка столба 40х40х6 плоская Элит (1%-420, 0,3%-960)","Поддон 120*80","20","19","357.57","411"
"271","З-00935","Крышка столба 40х40х6 плоская элит (2% - 503)","Поддон 120*80","20","19","357.57","411"
"","","Крышка столба 50х50","","","","",""
"272","Ц-00068","_Крышка столба 50х50 серый","Поддон 120*80","10","33.8","258.39","297"
"273","Ц-00073","Крышка столба 50х50 бежевый № 960","Поддон 120*80","10","33.8","318.42","366"
"274","Ц-00076","Крышка столба 50х50 Белый","Поддон 120*80","10","33.8","411.51","473"
"275","Ц-00074","Крышка столба 50х50 коричневый № 655","Поддон 120*80","10","33.8","318.42","366"
"276","Ц-00069","Крышка столба 50х50 красн № 130","Поддон 120*80","10","33.8","318.42","366"
"277","Ц-00072","Крышка столба 50х50 оливковый № 420","Поддон 120*80","10","33.8","318.42","366"
"278","Ц-00070","Крышка столба 50х50 терракот № 503","Поддон 120*80","10","33.8","318.42","366"
"279","Ц-00071","Крышка столба 50х50 черный № 330","Поддон 120*80","10","33.8","318.42","366"
"280","З-00462","Крышка столба 50х50 элит (0,7%- 960, 0,3%- 420)","Поддон 120*80","10","33.8","420.21","483"
"281","З-00457","Крышка столба 50х50 элит (1%-420, 0,3%-960)","Поддон 120*80","10","33.8","420.21","483"
"282","З-00740","Крышка столба 50х50 элит (2% - 420)","Поддон 120*80","10","33.8","420.21","483"
"283","З-00381","Крышка столба 50х50 элит (2% - 503)","Поддон 120*80","10","33.8","420.21","483"
"","","Крышка столба 50х50х6  фигурная","","","","",""
"284","З-01026","Крышка столба 50х50х6  фигурная серый","Поддон 120*80","20","22","258.39","297"
"285","З-01114","Крышка столба 50х6х50  фигурная Белый","Поддон 120*80","20","22","411.51","473"
"286","З-01113","Крышка столба 50х6х50  фигурная коричневый № 655","Поддон 120*80","20","22","318.42","366"
"287","З-01143","Крышка столба 50х6х50  фигурная красный № 130","Поддон 120*80","20","22","318.42","366"
"288","З-01144","Крышка столба 50х6х50  фигурная черный № 330","Поддон 120*80","20","22","318.42","366"
"289","З-01115","Крышка столба 50х6х50  фигурная элит (2% - 503)","Поддон 120*80","20","22","420.21","483"
"","","Крышка фигурная 50х60х6","","","","",""
"290","З-00980","_Крышка фигурная 50х60х6 серый","Поддон 120*80","32","28","396.72","456"
"291","З-00982","Крышка фигурная 50х60х6 Белый","Поддон 120*80","32","28","502.86","578"
"292","З-00981","Крышка фигурная 50х60х6 коричневый № 655","Поддон 120*80","32","28","433.26","498"
"293","З-00983","Крышка фигурная 50х60х6 элит (2% - 503)","Поддон 120*80","32","28","544.62","626"
"","","Крышка фигурная 55х40х6","","","","",""
"294","З-00441","Крышка фигурная 55х40х6 серый","Поддон 120*80","32","28.2","243.6","280"
"295","З-00450","Крышка фигурная 55х40х6 бежевый № 960","Поддон 120*80","32","28.2","279.27","321"
"296","З-00440","Крышка фигурная 55х40х6 Белый","Поддон 120*80","32","28.2","368.01","423"
"297","З-00448","Крышка фигурная 55х40х6 коричневый № 655","Поддон 120*80","32","28.2","279.27","321"
"298","З-00447","Крышка фигурная 55х40х6 оливковый 420","Поддон 120*80","32","28.2","279.27","321"
"299","З-00445","Крышка фигурная 55х40х6 терракота 503","Поддон 120*80","32","28.2","279.27","321"
"300","З-00446","Крышка фигурная 55х40х6 Элит (1%-420, 0,3%-960)","Поддон 120*80","32","28.2","403.68","464"
"301","З-00906","Крышка фигурная 55х40х6 Элит (2% - 420)","Поддон 120*80","32","28.2","403.68","464"
"302","З-01076","Крышка фигурная 55х40х6 Элит (2% - 503)","Поддон 120*80","32","28.2","403.68","464"
"","","Крышка-ступень 50х30х5 колотая","","","","",""
"303","П-00040","Крышка-ступень 50х30х5 колотая серый","Поддон 120*80","42","15.8","212.28","244"
"304","П-00045","Крышка-ступень 50х30х5 колотая бежевый № 960","Поддон 120*80","42","15.8","238.38","274"
"305","П-00046","Крышка-ступень 50х30х5 колотая Белый","Поддон 120*80","42","15.8","304.5","350"
"306","П-00043","Крышка-ступень 50х30х5 колотая коричневый № 655","Поддон 120*80","42","15.8","238.38","274"
"307","П-00044","Крышка-ступень 50х30х5 колотая красн № 130","Поддон 120*80","42","15.8","238.38","274"
"308","П-00042","Крышка-ступень 50х30х5 колотая оливковый 420","Поддон 120*80","42","15.8","238.38","274"
"309","П-00039","Крышка-ступень 50х30х5 колотая терракота 503","Поддон 120*80","42","15.8","238.38","274"
"310","П-00041","Крышка-ступень 50х30х5 колотая черный № 330","Поддон 120*80","42","15.8","238.38","274"
"311","П-00048","Крышка-ступень 50х30х5 колотая Элит (1%-420, 0,3%-960)","Поддон 120*80","42","15.8","333.21","383"
"312","З-00671","Крышка-ступень 50х30х5 колотая Элит (2% - 420)","Поддон 120*80","42","15.8","333.21","383"
"313","З-00178","Крышка-ступень 50х30х5 колотая Элит (2% - 503)","Поддон 120*80","42","15.8","333.21","383"
"","","Крышка-ступень 50х30х7","","","","",""
"314","О-00142","Крышка-ступень 50х30х7 серый","Поддон 120*80","42","23","250.56","288"
"315","З-00038","Крышка-ступень 50х30х7 бежевый № 960","Поддон 120*80","42","23","386.23","329"
"316","Д-00025","Крышка-ступень 50х30х7 Белый","Поддон 120*80","42","23","346.26","398"
"317","П-00032","Крышка-ступень 50х30х7 коричневый № 655","Поддон 120*80","42","23","286.23","329"
"318","З-00042","Крышка-ступень 50х30х7 красн № 130","Поддон 120*80","42","23","286.23","329"
"319","О-00143","Крышка-ступень 50х30х7 оливковый 420","Поддон 120*80","42","23","286.23","329"
"320","З-00035","Крышка-ступень 50х30х7 терракота 503","Поддон 120*80","42","23","286.23","329"
"321","З-00783","Крышка-ступень 50х30х7 черный № 330","Поддон 120*80","42","23","286.23","329"
"322","З-00415","Крышка-ступень 50х30х7 Элит (1%-420, 0,3%-960)","Поддон 120*80","42","23","380.19","437"
"323","П-00073","Крышка-ступень 50х30х7 Элит (2% - 503)","Поддон 120*80","42","23","380.19","437"
"","","Крышка-ступень 50х30х7 колотая","","","","",""
"324","О-00022","Крышка-ступень 50х30х7 колотая серый","Поддон 120*80","42","23","250.56","291"
"325","О-00023","Крышка-ступень 50х30х7 колотая бежевый № 960","Поддон 120*80","42","23","289.71","333"
"326","О-00131","Крышка-ступень 50х30х7 колотая Белый","Поддон 120*80","42","23","351.48","404"
"327","О-00025","Крышка-ступень 50х30х7 колотая коричневый № 655","Поддон 120*80","42","23","289.71","333"
"328","О-00026","Крышка-ступень 50х30х7 колотая красн № 130","Поддон 120*80","42","23","289.71","333"
"329","О-00024","Крышка-ступень 50х30х7 колотая оливковый 420","Поддон 120*80","42","23","289.71","333"
"330","О-00027","Крышка-ступень 50х30х7 колотая терракота 503","Поддон 120*80","42","23","289.71","333"
"331","О-00028","Крышка-ступень 50х30х7 колотая черный № 330","Поддон 120*80","42","23","289.71","333"
"332","З-00473","Крышка-ступень 50х30х7 колотая Элит (1%-420, 0,3%-960)","Поддон 120*80","42","23","403.68","443"
"333","З-00683","Крышка-ступень 50х30х7 колотая Элит (2% - 420)","Поддон 120*80","42","23","385.41","443"
"334","З-00437","Крышка-ступень 50х30х7 колотая Элит (2%-960)","Поддон 120*80","42","23","385.41","443"
"","","Наличник декоративный  ""Цветок"" 50х15х6","","","","",""
"335","З-00943","Наличник декоративный  ""Цветок"" 50х15х6 серый","Поддон 120*80","88","4.38","217.5","250"
"336","З-00945","Наличник декоративный  ""Цветок"" 50х15х6 бежевый № 960","Поддон 120*80","88","4.38","250.56","288"
"337","З-00944","Наличник декоративный  ""Цветок"" 50х15х6 Белый","Поддон 120*80","88","4.38","303.63","349"
"338","З-01138","Наличник декоративный  ""Цветок"" 50х15х6 Элит (1%-420, 0,3%-960)","Поддон 120*80","88","4.38","349.74","402"
"339","З-00946","Наличник декоративный  ""Цветок"" 50х15х6 Элит (2% - 420)","Поддон 120*80","88","4.38","349.74","402"
"","","Наличник декоративный  50х8х5","","","","",""
"340","Ц-00140","_Наличник декоративный 50х8х5 серый","Поддон 120*80","88","4.38","107.01","123"
"341","Ц-00145","Наличник декоративный 50х8х5 бежевый № 960","Поддон 120*80","88","4.38","113.1","130"
"342","Ц-00148","Наличник декоративный 50х8х5 Белый","Поддон 120*80","88","4.38","148.77","171"
"343","Ц-00146","Наличник декоративный 50х8х5 коричневый № 655","Поддон 120*80","88","4.38","113.1","130"
"344","Ц-00141","Наличник декоративный 50х8х5 красн № 130","Поддон 120*80","88","4.38","113.1","130"
"345","Ц-00144","Наличник декоративный 50х8х5 оливковый № 420","Поддон 120*80","88","4.38","113.1","130"
"346","Ц-00142","Наличник декоративный 50х8х5 терракот № 503","Поддон 120*80","88","4.38","113.1","130"
"347","Ц-00143","Наличник декоративный 50х8х5 черный № 330","Поддон 120*80","88","4.38","113.1","130"
"348","З-01139","Наличник декоративный 50х8х5 Элит (1%-420, 0,3%-960)","Поддон 120*80","88","4.38","169.65","195"
"349","З-00929","Наличник декоративный 50х8х5 элит (2% - 420)","Поддон 120*80","88","4.38","169.65","195"
"","","Наличник декоративный  каскадный 50х15х6","","","","",""
"350","З-01079","Наличник декоративный  каскадный 50х15х6 серый","Поддон 120*80","88","4.38","217.5","250"
"351","З-01081","Наличник декоративный  каскадный 50х15х6 Белый","Поддон 120*80","88","4.38","303.63","349"
"352","З-01080","Наличник декоративный  каскадный 50х15х6 терракота 503","Поддон 120*80","88","4.38","250.56","288"
"353","З-01140","Наличник декоративный  каскадный 50х15х6 Элит (1%-420, 0,3%-960)","Поддон 120*80","88","4.38","349.74","402"
"354","З-01082","Наличник декоративный  каскадный 50х15х6 элит (2% - 503)","Поддон 120*80","88","4.38","349.74","402"
"","","Наличник декоративный  фигурный 50х11х4,2","","","","",""
"355","З-01084","Наличник декоративный   фигурный 50х11х4,2 серый","Поддон 120*80","88","4.3","217.5","250"
"356","З-01086","Наличник декоративный   фигурный 50х11х4,2 Белый","Поддон 120*80","88","4.3","303.63","349"
"357","З-01085","Наличник декоративный   фигурный 50х11х4,2 красн № 130","Поддон 120*80","88","4.3","250.56","288"
"358","З-01141","Наличник декоративный   фигурный 50х11х4,2 Элит (1%-420, 0,3%-960)","Поддон 120*80","88","4.3","349.74","402"
"359","З-01087","Наличник декоративный   фигурный 50х11х4,2 Элит (2% - 420)","Поддон 120*80","88","4.3","349.74","402"
"","","Основание столба 40х40","","","","",""
"360","Ц-00089","_Основание столба 40х40 серый","Поддон 120*80","36","19","200.97","231"
"361","Ц-00094","Основание столба 40х40 бежевый № 960","Поддон 120*80","36","19","231.42","266"
"362","Ц-00097","Основание столба 40х40 Белый","Поддон 120*80","36","19","301.89","347"
"363","Ц-00095","Основание столба 40х40 коричневый № 655","Поддон 120*80","36","19","231.42","266"
"364","Ц-00090","Основание столба 40х40 красн № 130","Поддон 120*80","36","19","231.42","266"
"365","Ц-00093","Основание столба 40х40 оливковый № 420","Поддон 120*80","36","19","231.42","266"
"366","Ц-00091","Основание столба 40х40 терракот № 503 !!!","Поддон 120*80","36","19","231.42","266"
"367","Ц-00092","Основание столба 40х40 черный № 330","Поддон 120*80","36","19","231.42","266"
"368","З-00322","Основание столба 40х40 элит (0,7%- 960, 0,3%- 420)","Поддон 120*80","36","19","341.91","393"
"369","З-00787","Основание столба 40х40 Элит (0.8%-420)","Поддон 120*80","36","19","341.91","393"
"370","З-00179","Основание столба 40х40 Элит (1%-420, 0,3%-960)","Поддон 120*80","36","19","341.91","393"
"371","З-00435","Основание столба 40х40 элит (2% - 420)","Поддон 120*80","36","19","341.91","393"
"372","З-00158","Основание столба 40х40 Элит (2% - 503)","Поддон 120*80","36","19","341.91","393"
"373","З-00721","Основание столба 40х40 Элит (2%-130)","Поддон 120*80","36","19","341.91","393"
"374","З-00747","Основание столба 40х40 Элит (2%-960)","Поддон 120*80","36","19","341.91","393"
"","","Основание столба круглое","","","","",""
"375","З-00761","_Основание столба круглое серый","Поддон 120*80","36","19","200.97","231"
"376","З-00797","Основание столба 40х40 коричневый № 655","Поддон 120*80","36","19","231.42","266"
"","","Отлив 40х17х4","","","","",""
"377","О-00039","Отлив 40х17х4 серый","Поддон 120*80","98","4.25","68.73","79"
"378","О-00144","Отлив 40х17х4 бежевый № 960","Поддон 120*80","98","4.25","90.48","104"
"379","П-00066","Отлив 40х17х4 Белый","Поддон 120*80","98","4.25","116.58","134"
"380","З-00412","Отлив 40х17х4 коричневый № 655","Поддон 120*80","98","4.25","90.48","104"
"381","П-00069","Отлив 40х17х4 красн № 130","Поддон 120*80","98","4.25","90.48","104"
"382","П-00004","Отлив 40х17х4 оливковый 420","Поддон 120*80","98","4.25","90.48","104"
"383","О-00040","Отлив 40х17х4 терракота 503","Поддон 120*80","98","4.25","90.48","104"
"384","П-00070","Отлив 40х17х4 черный № 330","Поддон 120*80","98","4.25","90.48","104"
"385","П-00067","Отлив 40х17х4 Элит (1%-420, 0,3%-960)","Поддон 120*80","98","4.25","123.54","142"
"386","З-00920","Отлив 40х17х4 Элит (2% - 420)","Поддон 120*80","98","4.25","123.54","142"
"387","З-00919","Отлив 40х17х4 Элит (2% - 503)","Поддон 120*80","98","4.25","123.54","142"
"388","З-00794","Отлив 40х17х4 Элит (2%-130)","Поддон 120*80","98","4.25","123.54","142"
"","","Отлив 50х30х7","","","","",""
"389","Ц-00239","Отлив 50х30х7 серый","Поддон 120*80"," ","17","137.46","158"
"390","З-00041","Отлив 50х30х7 бежевый № 960","Поддон 120*80"," ","17","157.47","181"
"","","Подступенок 50х16х6","","","","",""
"391","П-00057","Подступенок 50х16х6 серый","Поддон 120*80","156","8.85","107.88","124"
"392","З-00949","Подступенок 50х16х6 бежевый № 960","Поддон 120*80","156","8.85","121.8","140"
"393","П-00058","Подступенок 50х16х6 Белый","Поддон 120*80","156","8.85","154.86","178"
"394","П-00064","Подступенок 50х16х6 коричневый № 655","Поддон 120*80","156","8.85","121.8","140"
"395","П-00065","Подступенок 50х16х6 красн № 130","Поддон 120*80","156","8.85","121.8","140"
"396","П-00062","Подступенок 50х16х6 оливковый 420","Поддон 120*80","156","8.85","121.8","140"
"397","П-00061","Подступенок 50х16х6 терракота 503","Поддон 120*80","156","8.85","121.8","140"
"398","З-00316","Подступенок 50х16х6 черный № 330","Поддон 120*80","156","8.85","121.8","140"
"399","П-00059","Подступенок 50х16х6 Элит (1%-420, 0,3%-960)","Поддон 120*80","156","8.85","165.3","190"
"400","П-00060","Подступенок 50х16х6 Элит (2%-130)","Поддон 120*80","156","8.85","165.3","190"
"","","Светильник 30x30x6","","","","",""
"401","З-00329","_Светильник 30x30x6 серый","Поддон 120*80","72","6.5","154.86","178"
"402","З-00167","Светильник 30x30x6 бежевый № 960","Поддон 120*80","72","6.5","171.39","197"
"403","З-00143","Светильник 30x30x6 Белый","Поддон 120*80","72","6.5","237.51","273"
"404","З-00339","Светильник 30x30x6 коричневый № 655","Поддон 120*80","72","6.5","171.39","197"
"405","З-00151","Светильник 30x30x6 красн № 130","Поддон 120*80","72","6.5","171.39","197"
"406","З-00125","Светильник 30x30x6 оливковый 420","Поддон 120*80","72","6.5","171.39","197"
"407","З-00124","Светильник 30x30x6 терракота 503","Поддон 120*80","72","6.5","171.39","197"
"408","З-00394","Светильник 30x30x6 черный № 330","Поддон 120*80","72","6.5","171.39","197"
"409","З-01146","Светильник 30x30x6 элит (0,8% - 420)","Поддон 120*80","72","6.5","274.92","316"
"410","З-00352","Светильник 30x30x6 Элит (1%-420, 0,3%-960)","Поддон 120*80","72","6.5","274.92","316"
"411","З-00436","Светильник 30x30x6 элит (2% - 420)","Поддон 120*80","72","6.5","274.92","316"
"412","З-00628","Светильник 30x30x6 элит (2% - 503)","Поддон 120*80","72","6.5","274.92","316"
"413","З-00790","Крышка двухскатная 445*400 серый"," "," "," "," ","335"
"","","03. Декоративные блоки","","","","",""
"","","Декоративный блок ""Акко"" 30х30х10","","","","",""
"414","З-01122","Декоративный блок ""Акко""  30x30x10 серый","Поддон 120*80","64","11","169.65","195"
"415","З-01131","Декоративный блок ""Акко""  30x30x10 бежевый № 960","Поддон 120*80","64","11","189.66","218"
"416","З-01124","Декоративный блок ""Акко""  30x30x10 Белый","Поддон 120*80","64","11","240.12","276"
"417","З-01149","Декоративный блок ""Акко""  30x30x10 коричневый № 655","Поддон 120*80","64","11","189.66","218"
"418","З-01123","Декоративный блок ""Акко""  30x30x10 красн № 130","Поддон 120*80","64","11","189.66","218"
"419","З-01142","Декоративный блок ""Акко""  30x30x10 терракота 503","Поддон 120*80","64","11","189.66","218"
"420","З-01137","Декоративный блок ""Акко""  30x30x10 черный № 330","Поддон 120*80","64","11","189.66","218"
"421","З-01161","Декоративный блок ""Акко""  30x30x10 Элит (0.8%-420)","Поддон 120*80","64","11","251.43","289"
"422","З-01125","Декоративный блок ""Акко""  30x30x10 Элит (1%-420, 0,3%-960)","Поддон 120*80","64","11","251.43","289"
"423","З-01162","Декоративный блок ""Акко""  30x30x10 Элит (2% - 420)","Поддон 120*80","64","11","251.43","289"
"","","Декоративный блок ""Малага""  20х20х10","","","","",""
"424","Ц-00150","_Декоративный блок ""Малага"" 20х20х10 серый","Поддон 120*80","168","4","38.28","44"
"425","Ц-00157","Декоративный блок ""Малага"" 20х20х10 бежевый № 960","Поддон 120*80","168","4","46.98","54"
"426","Ц-00158","Декоративный блок ""Малага"" 20х20х10 Белый","Поддон 120*80","168","4","57.42","66"
"427","Ц-00155","Декоративный блок ""Малага"" 20х20х10 коричневый № 655","Поддон 120*80","168","4","46.98","54"
"428","Ц-00151","Декоративный блок ""Малага"" 20х20х10 красн № 130","Поддон 120*80","168","4","46.98","54"
"429","Ц-00154","Декоративный блок ""Малага"" 20х20х10 оливковый № 420","Поддон 120*80","168","4","46.98","54"
"430","Ц-00152","Декоративный блок ""Малага"" 20х20х10 терракот № 503","Поддон 120*80","168","4","46.98","54"
"431","Ц-00153","Декоративный блок ""Малага"" 20х20х10 черный № 330","Поддон 120*80","168","4","46.98","54"
"432","З-00345","Декоративный блок ""Малага"" 20х20х10 элит (0,7%- 960, 0,3%- 420)","Поддон 120*80","168","4","62.64","72"
"433","З-01119","Декоративный блок ""Малага"" 20х20х10 Элит (0.8%-420)","Поддон 120*80","168","4","62.64","72"
"434","З-00319","Декоративный блок ""Малага"" 20х20х10 элит (1%-420, 0,3%-960)","Поддон 120*80","168","4","62.64","72"
"435","З-00433","Декоративный блок ""Малага"" 20х20х10 элит (2% - 420)","Поддон 120*80","168","4","62.64","72"
"436","З-00393","Декоративный блок ""Малага"" 20х20х10 элит (2% - 503)","Поддон 120*80","168","4","62.64","72"
"437","З-00723","Декоративный блок ""Малага"" 20х20х10 Элит (2%-130)","Поддон 120*80","168","4","62.64","72"
"438","З-00781","Декоративный блок ""Малага"" 20х20х10 Элит (2%-960)","Поддон 120*80","168","4","62.64","72"
"","","Декоративный блок ""Ромб"" 30х30х10","","","","",""
"439","Ц-00201","_Декоративный блок ""Ромб""  30x30x10 серый","Поддон 120*80","64","11","169.65","195"
"440","Ц-00207","Декоративный блок ""Ромб""  30x30x10 бежевый № 960","Поддон 120*80","64","11","189.66","218"
"441","Ц-00200","Декоративный блок ""Ромб""  30x30x10 Белый","Поддон 120*80","64","11","240.12","276"
"442","Ц-00203","Декоративный блок ""Ромб""  30x30x10 коричневый № 655","Поддон 120*80","64","11","189.66","218"
"443","Ц-00205","Декоративный блок ""Ромб""  30x30x10 красн № 130","Поддон 120*80","64","11","189.66","218"
"444","Ц-00202","Декоративный блок ""Ромб""  30x30x10 оливковый № 420","Поддон 120*80","64","11","189.66","218"
"445","Ц-00206","Декоративный блок ""Ромб""  30x30x10 терракот № 503","Поддон 120*80","64","11","189.66","218"
"446","Ц-00208","Декоративный блок ""Ромб""  30x30x10 черный № 330","Поддон 120*80","64","11","189.66","218"
"447","З-00424","Декоративный блок ""Ромб""  30x30x10 элит (1%-420, 0,3%-960)","Поддон 120*80","64","11","251.43","289"
"448","З-00422","Декоративный блок ""Ромб""  30x30x10 элит (2% - 420)","Поддон 120*80","64","11","251.43","289"
"449","З-00413","Декоративный блок ""Ромб""  30x30x10 элит (2% - 503)","Поддон 120*80","64","11","251.43","289"
"450","П-00022","Декоративный блок ""Ромб""  30x30x10 Элит (2%-130)","Поддон 120*80","64","11","251.43","289"
"451","З-00762","Декоративный блок ""Ромб""  30x30x10 Элит (2%-960)","Поддон 120*80","64","11","251.43","289"
"","","Декоративный блок ""Цветок""  30х30х10","","","","",""
"452","Ц-00160","_Декоративный блок ""Цветок""  30x30x10 серый","Поддон 120*80","64","15","169.65","195"
"453","Ц-00167","Декоративный блок ""Цветок""  30x30x10 бежевый № 960","Поддон 120*80","64","15","189.66","218"
"454","Ц-00161","Декоративный блок ""Цветок""  30x30x10 Белый","Поддон 120*80","64","15","240.12","276"
"455","Ц-00163","Декоративный блок ""Цветок""  30x30x10 коричневый № 655","Поддон 120*80","64","15","189.66","218"
"456","Ц-00165","Декоративный блок ""Цветок""  30x30x10 красн № 130","Поддон 120*80","64","15","189.66","218"
"457","Ц-00162","Декоративный блок ""Цветок""  30x30x10 оливковый № 420","Поддон 120*80","64","15","189.66","218"
"458","Ц-00166","Декоративный блок ""Цветок""  30x30x10 терракот № 503","Поддон 120*80","64","15","189.66","218"
"459","Ц-00168","Декоративный блок ""Цветок""  30x30x10 черный № 330","Поддон 120*80","64","15","189.66","218"
"460","П-00005","Декоративный блок ""Цветок""  30x30x10 Элит (0.8%-420)","Поддон 120*80","64","15","251.43","289"
"461","З-00308","Декоративный блок ""Цветок""  30x30x10 Элит (1%-420, 0,3%-960)","Поддон 120*80","64","15","251.43","289"
"462","З-00443","Декоративный блок ""Цветок""  30x30x10 элит (2% - 420)","Поддон 120*80","64","15","251.43","289"
"463","З-00160","Декоративный блок ""Цветок""  30x30x10 Элит (2% - 503)","Поддон 120*80","64","15","251.43","289"
"464","З-00780","Декоративный блок ""Цветок""  30x30x10 Элит (2%-130)","Поддон 120*80","64","15","251.43","289"
"465","З-00749","Декоративный блок ""Цветок""  30x30x10 Элит (2%-960)","Поддон 120*80","64","15","251.43","289"
"","","Дополнительный элемент ""Малага"" (1/2) 25х10,5х10","","","","",""
"466","Ц-00191","_Доп. элемент ""Малага"" (1/2) 25x10,5x10 серый","Поддон 120*80","490","1.16","26.1","30"
"467","Ц-00197","Доп. элемент ""Малага"" (1/2) 25x10,5x10 бежевый № 960","Поддон 120*80","490","1.16","33.06","38"
"468","Ц-00190","Доп. элемент ""Малага"" (1/2) 25x10,5x10 Белый","Поддон 120*80","490","1.16","38.28","44"
"469","Ц-00193","Доп. элемент ""Малага"" (1/2) 25x10,5x10 коричневый № 655","Поддон 120*80","490","1.16","33.06","38"
"470","Ц-00195","Доп. элемент ""Малага"" (1/2) 25x10,5x10 красн № 130","Поддон 120*80","490","1.16","33.06","38"
"471","Ц-00192","Доп. элемент ""Малага"" (1/2) 25x10,5x10 оливковый  № 420","Поддон 120*80","490","1.16","33.06","38"
"472","Ц-00196","Доп. элемент ""Малага"" (1/2) 25x10,5x10 терракот № 503","Поддон 120*80","490","1.16","33.06","38"
"473","Ц-00198","Доп. элемент ""Малага"" (1/2) 25x10,5x10 черный № 330","Поддон 120*80","490","1.16","33.06","38"
"474","З-00346","Доп. элемент ""Малага"" (1/2) 25x10,5x10 элит (0,7%- 960, 0,3%- 420)","Поддон 120*80","490","1.16","40.89","47"
"475","З-01120","Доп. элемент ""Малага"" (1/2) 25x10,5x10 Элит (0.8%-420)","Поддон 120*80","490","1.16","40.89","47"
"476","З-00320","Доп. элемент ""Малага"" (1/2) 25x10,5x10 элит (1%-420, 0,3%-960)","Поддон 120*80","490","1.16","40.89","47"
"477","З-00434","Доп. элемент ""Малага"" (1/2) 25x10,5x10 элит (2% - 420)","Поддон 120*80","490","1.16","40.89","47"
"478","З-00469","Доп. элемент ""Малага"" (1/2) 25x10,5x10 элит (2% - 503)","Поддон 120*80","490","1.16","40.89","47"
"479","З-00724","Доп. элемент ""Малага"" (1/2) 25x10,5x10 Элит (2%-130)","Поддон 120*80","490","1.16","40.89","47"
"480","З-00782","Доп. элемент ""Малага"" (1/2) 25x10,5x10 Элит (2%-960)","Поддон 120*80","490","1.16","40.89","47"
"","","04. Опорный камень","","","","",""
"","","Камень ландшафтный двухсторонний","","","","",""
"481","З-00467","_Камень ландшафтный двухсторонний серый","Поддон 120*80","48","25","174.87","211"
"482","З-00011","Камень ландшафтный двухсторонний 960 бежевый № 960","Поддон 120*80","48","25","223.59","257"
"483","З-01130","Камень ландшафтный Белый","Поддон 120*80","48","25","316.68","364"
"484","М-00006","Камень ландшафтный двухсторонний оливковый 420","Поддон 120*80","48","25","223.59","257"
"485","З-00153","Камень ландшафтный Элит (1%-420, 0,3%-960)","Поддон 120*80","48","25","325.38","374"
"","","Опорный камень ""Диамант""","","","","",""
"486","О-00017","_Опорный камень ""Диамант"" серый","Поддон 120*80","48","26.5","170.52","196"
"487","О-00032","Опорный камень ""Диамант"" бежевый № 960","Поддон 120*80","48","26.5","211.02","243"
"488","М-00007","Опорный камень ""Диамант"" Белый","Поддон 120*80","48","26.5","316.68","364"
"489","О-00139","Опорный камень ""Диамант"" коричневый № 655","Поддон 120*80","48","26.5","211.02","243"
"490","З-00824","Опорный камень ""Диамант"" красный 130","Поддон 120*80","48","26.5","211.02","243"
"491","О-00031","Опорный камень ""Диамант""  оливковый  № 420","Поддон 120*80","48","26.5","211.02","243"
"492","З-00022","Опорный камень ""Диамант"" терракота 503","Поддон 120*80","48","26.5","211.02","243"
"493","З-00161","Опорный камень ""Диамант"" черный № 330","Поддон 120*80","48","26.5","211.02","243"
"494","З-00414","Опорный камень ""Диамант""   Элит (1%-420, 0,3%-960)","Поддон 120*80","48","26.5","325.38","374"
"495","З-00682","Опорный камень ""Диамант""   Элит (2% - 420)","Поддон 120*80","48","26.5","325.38","374"
"","","Опорный камень ""Прямой""","","","","",""
"496","О-00018","_Опорный камень ""Прямой"" серый","Поддон 120*80","48","26.6","162.69","187"
"497","П-00001","Опорный камень ""Прямой""  Белый","Поддон 120*80","48","26.6","301.02","346"
"498","З-00928","Опорный камень ""Прямой""  коричневый № 655","Поддон 120*80","48","26.6","200.97","231"
"499","З-00126","Опорный камень ""Прямой""  черный № 330","Поддон 120*80","48","26.6","200.97","231"
"500","О-00034","Опорный камень ""Прямой"" бежевый № 960","Поддон 120*80","48","26.6","200.97","231"
"501","З-01128","Опорный камень ""Прямой""    красн № 130","Поддон 120*80","48","26.6","200.97","231"
"502","О-00033","Опорный камень ""Прямой"" оливковый № 420","Поддон 120*80","48","26.6","200.97","231"
"503","З-01127","Опорный камень ""Прямой""  терракота 503","Поддон 120*80","48","26.6","200.97","231"
"504","З-00396","Опорный камень ""Прямой"" Элит (1%-420, 0,3%-960)","Поддон 120*80","48","26.6","308.85","355"
"505","З-00342","Опорный камень ""Прямой"" Элит (2%-130)","Поддон 120*80","48","26.6","308.85","355"
"","","05. Облицовочный камень","","","","",""
"","","Камень ""Кейп Стоун""","","","","",""
"506","О-00046","_Камень ""Кейп Стоун""  23*11 серый","Поддон 120*80"," ","3.5","25.8","29.66"
"507","З-00163","Камень ""Кейп Стоун""  23*11  (нерустов) бежевый № 960","Поддон 120*80"," ","3.5","31.27","35.94"
"508","З-00775","Камень ""Кейп Стоун""  23*11 рустованный  элит (0,7%- 960, 0,3%- 420)","Поддон 120*80"," ","3.5","41.76","48"
"509","З-00925","Камень ""Кейп Стоун""  23*11 рустованный  элит (1%-420, 0,3%-960)","Поддон 120*80"," ","3.5","41.76","48"
"510","О-00047","Камень ""Кейп Стоун""  23*11 рустованный серый","Поддон 120*80"," ","3.5","25.8","29.66"
"511","З-00810","Камень ""Кейп Стоун""  23*11 состаренный  элит (0,7%- 960, 0,3%- 420)","Поддон 120*80"," ","3.5","41.76","48"
"512","З-00811","Камень ""Кейп Стоун""  23*11 состаренный бежевый № 960","Поддон 120*80"," ","3.5","30.4","34.94"
"513","З-00809","Камень ""Кейп Стоун""  23*11 состаренный серый","Поддон 120*80"," ","3.5","25.8","29.66"
"514","З-00799","Камень ""Кейп Стоун""  23*23 рустованный  коричневый № 655","Поддон 120*80"," ","7.69","63.57","73.06999999999999"
"515","З-00776","Камень ""Кейп Стоун""  23*23 рустованный  элит (0,7%- 960, 0,3%- 420)","Поддон 120*80"," ","7.69","87.34999999999999","100.4"
"516","З-00926","Камень ""Кейп Стоун""  23*23 рустованный  элит (1%-420, 0,3%-960)","Поддон 120*80"," ","7.69","87.40000000000001","100.4"
"517","О-00045","Камень ""Кейп Стоун""  23*23 рустованный серый","Поддон 120*80"," ","7.69","53.94","62"
"518","О-00044","Камень ""Кейп Стоун""  23*23 серый","Поддон 120*80"," ","7.69","53.94","62"
"519","З-00812","Камень ""Кейп Стоун""  23*23 состаренный  коричневый № 655","Поддон 120*80"," ","7.69","63.57","73.06999999999999"
"520","З-00813","Камень ""Кейп Стоун""  23*23 состаренный  элит (0,7%- 960, 0,3%- 420)","Поддон 120*80"," ","7.69","87.37","100.42"
"521","З-00816","Камень ""Кейп Стоун""  23*23 состаренный серый","Поддон 120*80"," ","7.69","53.94","62"
"522","З-00777","Камень ""Кейп Стоун""  23*35 рустованный  элит (0,7%- 960, 0,3%- 420)","Поддон 120*80"," ","11","132.95","152.82"
"523","З-00927","Камень ""Кейп Стоун""  23*35 рустованный  элит (1%-420, 0,3%-960)","Поддон 120*80"," ","11","132.95","152.82"
"524","З-00800","Камень ""Кейп Стоун""  23*35 рустованный коричневый 655","Поддон 120*80"," ","11","96.73999999999999","111.19"
"525","О-00043","Камень ""Кейп Стоун""  23*35 рустованный серый","Поддон 120*80"," ","11","82.09","94.36"
"526","О-00042","Камень ""Кейп Стоун""  23*35 серый","Поддон 120*80"," ","11","82.09","94.36"
"527","З-00815","Камень ""Кейп Стоун""  23*35 состаренный  элит (0,7%- 960, 0,3%- 420)","Поддон 120*80"," ","11","132.95","152.82"
"528","З-00818","Камень ""Кейп Стоун""  23*35 состаренный коричневый 655","Поддон 120*80"," ","11","96.73999999999999","111.19"
"529","З-00814","Камень ""Кейп Стоун""  23*35 состаренный серый","Поддон 120*80"," ","7.69","82.09","94.36"
"530","О-00051","Камень ""Кейп Стоун"" 23х11 Белый","Поддон 120*80"," ","3.5","38.34","44.07"
"531","О-00052","Камень ""Кейп Стоун"" 23х11 рустованный Белый","Поддон 120*80"," ","3.5","38.34","44.07"
"532","О-00050","Камень ""Кейп Стоун"" 23х23 Белый","Поддон 120*80"," ","7.69","80.18000000000001","92.16"
"533","О-00053","Камень ""Кейп Стоун"" 23х23 рустованный Белый","Поддон 120*80"," ","7.69","80.18000000000001","92.16"
"534","З-00820","Камень ""Кейп Стоун"" 23х23 состаренный Белый","Поддон 120*80"," ","7.69","80.18000000000001","92.16"
"535","О-00049","Камень ""Кейп Стоун"" 23х35 Белый","Поддон 120*80"," ","11","122.02","140.25"
"536","О-00054","Камень ""Кейп Стоун"" 23х35 рустованный Белый","Поддон 120*80"," ","11","122.02","140.25"
"","","Камень ""Неаполь""","","","","",""
"537","З-00911","_Облицовочный камень ""Неаполь"" 15х20 серый","Поддон 120*80"," ","5.74","16.77","19.28"
"538","О-00012","_Облицовочный камень ""Неаполь"" 20х43 серый","Поддон 120*80"," ","5.74","48.02","55.2"
"539","З-00903","Облицовочный камень ""Неаполь"" 15х20 Белый","Поддон 120*80"," ","1.93","21.92","25.2"
"540","З-00956","Облицовочный камень ""Неаполь"" 15х40 бежевый № 960","Поддон 120*80"," ","3.86","40.57","46.63"
"541","О-00132","Облицовочный камень ""Неаполь"" 15х40 Белый","Поддон 120*80"," ","3.86","43.81","50.36"
"542","П-00017","Облицовочный камень ""Неаполь"" 15х40х3  серый","Поддон 120*80"," ","3.86","33.65","38.67"
"543","З-00701","Облицовочный камень ""Неаполь"" 20х30 Белый","Поддон 120*80"," "," ","43.81","50.36"
"544","З-00152","Облицовочный камень ""Неаполь"" 20х30 коричневый № 655","Поддон 120*80"," ","5.1","40.42","46.46"
"545","М-00009","Облицовочный камень ""Неаполь"" 20х30 оливковый 420","Поддон 120*80"," ","5.1","40.42","46.46"
"546","З-00948","Облицовочный камень ""Неаполь"" 20х30 серый","Поддон 120*80"," ","5.1","34.8","38.67"
"547","М-00001","Облицовочный камень ""Неаполь"" 20х43 Белый","Поддон 120*80"," ","5.74","62.76","72.14"
"548","М-00008","Облицовочный камень ""Неаполь"" 20х43 оливковый 420","Поддон 120*80"," ","5.74","57.9","66.55"
"","","Камень ""Палермо""","","","","",""
"549","З-00686","Облицовочный камень ""Палермо"" 15х20х3 коричневый № 686","Поддон 120*80","192","1.93","21.6","24.83"
"550","З-00759","Облицовочный камень ""Палермо"" 15х20х3 красн № 130","Поддон 120*80","192","1.93","21.6","24.83"
"551","З-00475","Облицовочный камень ""Палермо"" 15х20х3 см терракота 503","Поддон 120*80","192","1.93","21.6","24.83"
"552","П-00020","Облицовочный камень ""Палермо"" 15х20х3см бежевый № 960","Поддон 120*80","192","1.93","21.6","24.83"
"553","З-00477","Облицовочный камень ""Палермо"" 15х40х3 терракота 503","Поддон 120*80","96","3.86","43.19","49.64"
"554","П-00019","Облицовочный камень ""Палермо"" 15х40х3см  бежевый № 960","Поддон 120*80","96","3.86","43.19","49.64"
"555","З-00479","Облицовочный камень ""Палермо"" 20х30х3 терракота 503","Поддон 120*80","96","4.02","43.19","49.64"
"556","З-00688","Облицовочный камень ""Палермо"" 20х43х3 коричневый № 655","Поддон 120*80","72","4.4","61.92","71.17"
"557","Ц-00215","Облицовочный камень ""Палермо"" Белый 15 x 20 x 3 см (0.03 м.кв.)","Поддон 120*80","192","1.93","26.83","30.84"
"558","Ц-00211","Облицовочный камень ""Палермо"" Белый 15 x 40 x 3 см (0.06 м.кв.)","Поддон 120*80","96","3.86","53.68","61.7"
"559","Ц-00216","Облицовочный камень ""Палермо"" Белый 20 x 30 x 3 см (0.06 м.кв.)","Поддон 120*80","96","4.02","53.68","61.7"
"560","Ц-00217","Облицовочный камень ""Палермо"" Белый 20 x 43 x 3 см (0.08 м.кв.)","Поддон 120*80","96","4.5","76.97","88.47"
"561","Ц-00212","Облицовочный камень ""Палермо"" серый 15 x 20 x 3 см (0.03 м.кв.)","Поддон 120*80","192","1.93","18.69","21.48"
"562","Ц-00210","Облицовочный камень ""Палермо"" серый 15 x 40 x 3 см (0.06 м.кв.)","Поддон 120*80","96","3.86","37.39","42.98"
"563","Ц-00213","Облицовочный камень ""Палермо"" серый 20 x 30 x 3 см (0.06 м.кв.)","Поддон 120*80","96","4.02","37.39","42.98"
"564","Ц-00214","Облицовочный камень ""Палермо"" серый 20 x 43 x 3 см (0.08 м.кв.)","Поддон 120*80","96","4.5","53.61","61.62"
"","","Угловой элемент","","","","",""
"565","О-00137","_Угловой элемент 23х35х23 серый","Поддон 120*80"," "," ","395.85","455"
"566","Д-00031","Угловой элемент Белый"," "," "," ","466.32","536"
"567","З-00955","Угловой элемент Элит (1%-420, 0,3%-960)"," "," "," ","484.59","557"
"","","06. Тротуарная плитка","","","","",""
"","","Бордюры","","","","",""
"568","П-00012","_Бордюр 50х20х6 серый","Поддон 120*80","64","12.5","139.2","160"
"569","Д-00013","Бордюр 50х20х6  бежевый № 960","Поддон 120*80","64","12.5","167.91","193"
"570","Д-00021","Бордюр 50х20х6 Белый","Поддон 120*80","64","12.5","215.76","248"
"571","Д-00014","Бордюр 50х20х6 коричневый № 655","Поддон 120*80","64","12.5","167.91","193"
"572","Д-00017","Бордюр 50х20х6 красн № 130","Поддон 120*80","64","12.5","167.91","193"
"573","Д-00018","Бордюр 50х20х6 оливковый 420","Поддон 120*80","64","12.5","167.91","193"
"574","Д-00019","Бордюр 50х20х6 терракота 503","Поддон 120*80","64","12.5","167.91","193"
"575","Д-00020","Бордюр 50х20х6 черный № 330","Поддон 120*80","64","12.5","167.91","193"
"576","З-00427","Бордюр 50х20х6 Элит (2% - 420)","Поддон 120*80","64","12.5","227.07","261"
"","","Водосток тротуарный","","","","",""
"577","П-00034","_Водосток тротуарный  40х6х17 серый","Поддон 120*80","98","6.8","133.11","153"
"578","З-00045","Водосток тротуарный  40х6х17  бежевый № 960","Поддон 120*80","98","6.8","159.21","183"
"579","П-00050","Водосток тротуарный  40х6х17  оливковый 420","Поддон 120*80","98","6.8","159.21","183"
"580","П-00054","Водосток тротуарный  40х6х17 Белый","Поддон 120*80","98","6.8","187.05","215"
"581","П-00052","Водосток тротуарный  40х6х17 коричневый № 655","Поддон 120*80","98","6.8","159.21","183"
"582","П-00051","Водосток тротуарный  40х6х17 красн № 130","Поддон 120*80","98","6.8","159.21","183"
"583","П-00035","Водосток тротуарный  40х6х17 терракота 503","Поддон 120*80","98","6.8","159.21","183"
"584","З-00029","Водосток тротуарный  40х6х17 черный № 330","Поддон 120*80","98","6.8","159.21","183"
"585","П-00055","Водосток тротуарный  40х6х17 элит (1%-420, 0,3%-960)","Поддон 120*80","98","6.8","200.1","230"
"586","З-00657","Водосток тротуарный  40х6х17 элит (2% - 420)","Поддон 120*80","98","6.8","200.1","230"
"","","Тротуарная плитка ""Верона""","","","","",""
"","","Тротуарная плитка ""Верона"" без фаски","","","","",""
"","","Тротуарная плитка ""Верона"" без фаски Антик","","","","",""
"","","Тротуарная плитка ""Верона"" без фаски Антик одноцветная","","","","",""
"587","З-01028","Тратуарная плитка ""Верона"" без фаски серый  (Ком-т: (240х240х60; 240х360х60) S-0,145м.кв."," "," "," "," "," "
"","","Тротуарная плитка ""Верона"" без фаски колормикс","","","","",""
"588","З-01031","Тратуарная плитка ""Верона"" без фаски Колормикс Blanco  240х240х60","Поддон 120*80","132","6.6","49.71","58.03"
"589","З-01088","Тратуарная плитка ""Верона"" без фаски Колормикс Blanco  240х360х60","Поддон 120*80","132","9.8","74.59","85.73999999999999"
"590","З-01033","Тратуарная плитка ""Верона"" без фаски Колормикс Gold  240х240х60","Поддон 120*80","132","6.6","50.49","58.03"
"591","З-01089","Тратуарная плитка ""Верона"" без фаски Колормикс Gold  240х360х60","Поддон 120*80","132","9.8","74.59","85.73999999999999"
"592","З-01034","Тратуарная плитка ""Верона"" без фаски Колормикс Night  240х240х60","Поддон 120*80","132","6.6","50.49","58.03"
"593","З-01090","Тратуарная плитка ""Верона"" без фаски Колормикс Night  240х360х60","Поддон 120*80","132","9.8","74.59","85.73999999999999"
"594","З-01032","Тратуарная плитка ""Верона"" без фаски Колормикс Rio 240х240х60","Поддон 120*80","132","6.6","50.49","58.03"
"595","З-01091","Тратуарная плитка ""Верона"" без фаски Колормикс Rio 240х360х60","Поддон 120*80","132","9.8","74.59","85.73999999999999"
"596","З-01035","Тратуарная плитка ""Верона"" без фаски Колормикс Silver  240х240х60","Поддон 120*80","132","6.6","50.49","58.03"
"597","З-01092","Тратуарная плитка ""Верона"" без фаски Колормикс Silver  240х360х60","Поддон 120*80","132","9.8","74.59","85.73999999999999"
"598","З-01036","Тратуарная плитка ""Верона"" без фаски Колормикс Sunset  240х240х60","Поддон 120*80","132","6.6","50.49","58.03"
"599","З-01093","Тратуарная плитка ""Верона"" без фаски Колормикс Sunset  240х360х60","Поддон 120*80","132","9.8","74.59","85.73999999999999"
"600","З-01037","Тратуарная плитка ""Верона"" без фаски Колормикс Terra  240х240х60","Поддон 120*80","132","6.6","50.49","58.03"
"601","З-01094","Тратуарная плитка ""Верона"" без фаски Колормикс Terra  240х360х60","Поддон 120*80","132","9.8","74.59","85.73999999999999"
"","","Тротуарная плитка ""Верона"" без фаски одноцветная","","","","",""
"602","З-00997","_Тратуарная плитка ""Верона"" без фаски серый  240х240х60","Поддон 120*80","132","6.6","33.23","38.2"
"603","З-01102","_Тратуарная плитка ""Верона"" без фаски серый  240х360х60","Поддон 120*80","132","9.8","49.1","56.44"
"604","З-01150","Тратуарная плитка ""Верона"" без фаски бежевый № 960 240х240х60","Поддон 120*80","132","6.6","35.88","41.24"
"605","З-01151","Тратуарная плитка ""Верона"" без фаски бежевый № 960 240х360х60","Поддон 120*80","132","9.8","53.01","60.93"
"606","З-00999","Тратуарная плитка ""Верона"" без фаски Белый 240х240х60","Поддон 120*80","132","6.6","42.45","48.79"
"607","З-01103","Тратуарная плитка ""Верона"" без фаски Белый 240х360х60","Поддон 120*80","132","9.8","62.71","72.08"
"608","З-01000","Тратуарная плитка ""Верона"" без фаски коричневый № 655 240х240х60","Поддон 120*80","132","6.6","35.88","41.24"
"609","З-01104","Тратуарная плитка ""Верона"" без фаски коричневый № 655 240х360х60","Поддон 120*80","132","9.8","53.01","60.93"
"610","З-01163","Тратуарная плитка ""Верона"" без фаски красн № 130 240х240х60","Поддон 120*80","132","6.6","35.88","41.24"
"611","З-01164","Тратуарная плитка ""Верона"" без фаски красн № 130 240х360х60","Поддон 120*80","132","9.8","53.01","60.93"
"612","З-01165","Тратуарная плитка ""Верона"" без фаски терракота 503 240х240х60","Поддон 120*80","132","6.6","35.88","41.24"
"613","З-01166","Тратуарная плитка ""Верона"" без фаски терракота 503 240х360х60","Поддон 120*80","132","9.8","53.01","60.93"
"","","Тротуарная плитка ""Верона"" без фаски Элит","","","","",""
"614","З-01168","Тратуарная плитка ""Верона"" без фаски Элит (1%-420, 0,3%-960) 240х240х60","Поддон 120*80","132","6.6","45.9","52.76"
"615","З-01169","Тратуарная плитка ""Верона"" без фаски Элит (1%-420, 0,3%-960) 240х360х60","Поддон 120*80","132","9.8","67.83","77.95999999999999"
"616","З-01001","Тратуарная плитка ""Верона"" без фаски элит (2% - 503) 240х240х60","Поддон 120*80","132","6.6","45.9","52.76"
"617","З-01105","Тратуарная плитка ""Верона"" без фаски элит (2% - 503) 240х360х60","Поддон 120*80","132","9.8","67.83","77.95999999999999"
"618","З-01170","Тратуарная плитка ""Верона"" без фаски Элит (2%-960) 240х240х60","Поддон 120*80","132","6.6","45.9","52.76"
"619","З-01171","Тратуарная плитка ""Верона"" без фаски Элит (2%-960) 240х360х60","Поддон 120*80","132","9.8","67.83","77.95999999999999"
"","","Тротуарная плитка ""Верона"" с фаской","","","","",""
"","","Тротуарная плитка ""Верона"" с фаской колормикс","","","","",""
"620","З-01030","Тротуарная плитка ""Верона""  с фаской Колормикс Blanco 240х240х60","Поддон 120*80","132","6.6","50.48","58.03"
"621","З-01097","Тротуарная плитка ""Верона""  с фаской Колормикс Blanco 240х360х60","Поддон 120*80","132","9.8","74.59","85.73999999999999"
"622","З-01038","Тротуарная плитка ""Верона""  с фаской Колормикс Gold  240х240х60","Поддон 120*80","132","6.6","50.48","58.03"
"623","З-01098","Тротуарная плитка ""Верона""  с фаской Колормикс Gold  240х360х60","Поддон 120*80","132","9.8","74.59","85.73999999999999"
"624","З-01043","Тротуарная плитка ""Верона""  с фаской Колормикс Night  240х240х60","Поддон 120*80","132","6.6","50.48","58.03"
"625","З-01101","Тротуарная плитка ""Верона"" с фаской Колормикс Night  240х360х60","Поддон 120*80","132","9.8","74.59","85.73999999999999"
"626","З-01039","Тротуарная плитка ""Верона""  с фаской Колормикс Rio  240х240х60","Поддон 120*80","132","6.6","50.48","58.03"
"627","З-01096","Тротуарная плитка ""Верона""  с фаской Колормикс Rio  240х360х60","Поддон 120*80","132","9.8","74.59","85.73999999999999"
"628","З-01040","Тротуарная плитка ""Верона""  с фаской Колормикс Silver  240х240х60","Поддон 120*80","132","6.6","50.48","58.03"
"629","З-01095","Тротуарная плитка ""Верона""  с фаской Колормикс Silver  240х360х60","Поддон 120*80","132","9.8","74.59","85.73999999999999"
"630","З-01041","Тротуарная плитка ""Верона""  с фаской Колормикс Sunset 240х240х60","Поддон 120*80","132","6.6","50.48","58.03"
"631","З-01099","Тротуарная плитка ""Верона"" с фаской Колормикс Sunset  240х360х60","Поддон 120*80","132","9.8","74.59","85.73999999999999"
"632","З-01042","Тротуарная плитка ""Верона"" с фаской Колормикс Terra  240х240х60","Поддон 120*80","132","6.6","50.48","58.03"
"633","З-01100","Тротуарная плитка ""Верона"" с фаской Колормикс Terra  240х360х60","Поддон 120*80","132","9.8","74.59","85.73999999999999"
"","","Тротуарная плитка ""Верона"" с фаской одноцветная","","","","",""
"634","З-01022","_Тротуарная плитка ""Верона""  с фаской серый  240х240х60","Поддон 120*80","132","6.6","33.23","38.2"
"635","З-01106","_Тротуарная плитка ""Верона""  с фаской серый  240х360х60","Поддон 120*80","132","9.8","49.1","56.44"
"636","З-01155","Тротуарная плитка ""Верона""  с фаской бежевый № 960 240х240х60","Поддон 120*80","132","6.6","35.88","41.24"
"637","З-01156","Тротуарная плитка ""Верона""  с фаской бежевый № 960 240х360х60","Поддон 120*80","132","9.8","53.01","60.93"
"638","З-01003","Тротуарная плитка ""Верона""  с фаской Белый 240х240х60","Поддон 120*80","132","6.6","42.45","48.79"
"639","З-01107","Тротуарная плитка ""Верона""  с фаской Белый 240х360х60","Поддон 120*80","132","9.8","62.71","72.08"
"640","З-01004","Тротуарная плитка ""Верона""  с фаской коричневый № 655 240х240х60","Поддон 120*80","132","6.6","35.88","41.24"
"641","З-01108","Тротуарная плитка ""Верона""  с фаской коричневый № 655 240х360х60","Поддон 120*80","132","9.8","53.01","60.93"
"642","З-01177","Тротуарная плитка ""Верона""  с фаской красн № 130 240х240х60","Поддон 120*80","132","6.6","35.88","41.24"
"643","З-01178","Тротуарная плитка ""Верона""  с фаской красн № 130 240х360х60","Поддон 120*80","132","9.8","53.01","60.93"
"","","Тротуарная плитка ""Верона"" с фаской Элит","","","","",""
"644","З-01173","Тротуарная плитка ""Верона""  с фаской Элит (1%-420, 0,3%-960) 240х240х60","Поддон 120*80","132","6.6","45.9","52.76"
"645","З-01174","Тротуарная плитка ""Верона""  с фаской Элит (1%-420, 0,3%-960) 240х360х60","Поддон 120*80","132","9.8","67.83","77.95999999999999"
"646","З-01002","Тротуарная плитка ""Верона""  с фаской элит (2% - 503) 240х240х60","Поддон 120*80","132","6.6","45.9","52.76"
"647","З-01109","Тротуарная плитка ""Верона""  с фаской элит (2% - 503) 240х360х60","Поддон 120*80","132","9.8","67.83","77.95999999999999"
"648","З-01175","Тротуарная плитка ""Верона""  с фаской Элит (2%-960) 240х240х60","Поддон 120*80","132","6.6","45.9","52.76"
"649","З-01176","Тротуарная плитка ""Верона""  с фаской Элит (2%-960) 240х360х60","Поддон 120*80","132","9.8","67.83","77.95999999999999"
"","","Тротуарная плитка ""Кирпич""","","","","",""
"","","Тратуарная плитка ""Кирпич"" Элит","","","","",""
"650","З-00905","Тротуарная плитка ""Кирпич"" 200х60х100 мм   элит (2% - 503)","Поддон 120*80","480","2.4","13.66","15.7"
"651","З-00692","Тротуарная плитка ""Кирпич"" 200х60х100 мм  элит (1%-420, 0,3%-960)","Поддон 120*80","480","2.4","13.66","15.7"
"652","З-00431","Тротуарная плитка ""Кирпич"" 200х60х100 мм  элит (2% - 420)","Поддон 120*80","480","2.4","13.66","15.7"
"653","З-00459","Тротуарная плитка ""Кирпич"" 200х60х100 мм  Элит (2%-960)","Поддон 120*80","480","2.4","13.66","15.7"
"","","Тротуарная плитка ""Кирпич"" Колормикс","","","","",""
"654","З-00968","Тратуарная плитка ""Кирпич"" Колормикс Blanco"," ","462","2.4","14.27","16.4"
"655","З-00972","Тратуарная плитка ""Кирпич"" Колормикс Gold"," ","462","2.4","14.27","16.4"
"656","З-00976","Тратуарная плитка ""Кирпич"" Колормикс Night"," ","462","2.4","14.27","16.4"
"657","З-00967","Тратуарная плитка ""Кирпич"" Колормикс Rio"," ","462","2.4","14.27","16.4"
"658","З-00964","Тратуарная плитка ""Кирпич"" Колормикс Sunset"," ","462","2.4","14.27","16.4"
"659","З-00970","Тратуарная плитка ""Кирпич"" Колормикс Terra"," ","462","2.4","14.27","16.4"
"660","З-00962","Тротуарная плитка  ""Кирпич"" Колормикс Silver"," ","462","2.4","14.27","16.4"
"","","Тротуарная плитка ""Кирпич"" одноцветная","","","","",""
"661","П-00024","_Тротуарная плитка ""Кирпич"" 200х60х100 мм серый","Поддон 120*80","480","2.4","9.880000000000001","11.36"
"662","З-00122","Тротуарная плитка ""Кирпич"" 200х60х100 мм  Белый","Поддон 120*80","480","2.4","12.62","14.5"
"663","П-00025","Тротуарная плитка ""Кирпич"" 200х60х100 мм бежевый № 960","Поддон 120*80","480","2.4","10.61","12.2"
"664","П-00026","Тротуарная плитка ""Кирпич"" 200х60х100 мм коричневый № 655","Поддон 120*80","480","2.4","10.61","12.2"
"665","П-00030","Тротуарная плитка ""Кирпич"" 200х60х100 мм красн № 130","Поддон 120*80","480","2.4","10.61","12.2"
"666","П-00027","Тротуарная плитка ""Кирпич"" 200х60х100 мм оливковый 420","Поддон 120*80","480","2.4","10.61","12.2"
"667","П-00028","Тротуарная плитка ""Кирпич"" 200х60х100 мм терракота 503","Поддон 120*80","480","2.4","10.61","12.2"
"668","П-00029","Тротуарная плитка ""Кирпич"" 200х60х100 мм черный № 330","Поддон 120*80","480","2.4","10.61","12.2"
"","","Тротуарная плитка ""Классико""","","","","",""
"","","Тротуарная плитка ""Классико"" Колормикс","","","","",""
"669","Д-00023","Тратуарная плитка Классико Коктейль-Тоскана"," ","500","2.4","10.21","11.73"
"670","З-00969","Тротуарная плитка  ""Классико"" Колормикс Blanco"," ","500","2.4","13.72","15.77"
"671","З-00973","Тротуарная плитка  ""Классико"" Колормикс Gold"," ","500","2.4","13.72","15.77"
"672","З-00977","Тротуарная плитка  ""Классико"" Колор-микс Night"," ","500","2.4","13.72","15.77"
"673","З-00963","Тротуарная плитка  ""Классико"" Колормикс Rio"," ","500","2.4","13.72","15.77"
"674","З-00961","Тротуарная плитка  ""Классико"" Колормикс Silver"," ","500","2.4","13.72","15.77"
"675","З-00965","Тротуарная плитка  ""Классико"" Колормикс Sunset"," ","500","2.4","13.72","15.77"
"676","З-00971","Тротуарная плитка  ""Классико"" Колормикс Terra"," ","500","2.4","13.72","15.77"
"677","П-00014","Тротуарная плитка ""Классико"" микс"," ","500","2.4","10.21","11.73"
"","","Тротуарная плитка ""Классико"" одноцветная","","","","",""
"678","О-00123","_Тротуарная плитка  ""Классико"" серый (базовый)","Поддон 120*80","500","2.4","9.51","10.93"
"679","О-00124","Тротуарная плитка ""Классико"" бежевый № 960","Поддон 120*80","500","2.4","10.21","11.73"
"680","О-00130","Тротуарная плитка ""Классико"" Белый","Поддон 120*80","500","2.4","12.13","13.94"
"681","О-00126","Тротуарная плитка ""Классико"" коричневый № 655","Поддон 120*80","500","2.4","10.21","11.73"
"682","О-00128","Тротуарная плитка ""Классико"" красн № 130","Поддон 120*80","500","2.4","10.21","11.73"
"683","О-00125","Тротуарная плитка ""Классико"" оливковый № 420","Поддон 120*80","500","2.4","10.21","11.73"
"684","О-00129","Тротуарная плитка ""Классико"" терракота № 503","Поддон 120*80","500","2.4","10.21","11.73"
"685","Д-00026","Тротуарная плитка ""Классико"" черный № 330","Поддон 120*80","500","2.4","10.21","11.73"
"","","Тротуарная плитка ""Классико"" Элит","","","","",""
"686","З-00353","Тротуарная плитка  ""Классико"" Элит (0,7%- 960, 0,3%- 420)","Поддон 120*80","500","2.4","13.13","15.09"
"687","З-00668","Тротуарная плитка  ""Классико"" Элит (2% - 503)","Поддон 120*80","500","2.4","13.13","15.09"
"688","З-00323","Тротуарная плитка Элит ""Классико"" элит (2% - 420)","Поддон 120*80","500","2.4","13.13","15.09"
"","","Тротуарная плитка ""Сиена""","","","","",""
"","","Тротуарная плитка ""Сиена"" Колормикс","","","","",""
"689","З-01069","Тротуарная плитка ""Сиена"" Колормикс Blanco 120х120х60","Поддон 120*80","660","1.6","10.81","12.43"
"690","З-01070","Тротуарная плитка ""Сиена"" Колормикс Gold 120х120х60","Поддон 120*80","660","1.6","10.81","12.43"
"691","З-01071","Тротуарная плитка ""Сиена"" Колормикс Night 120х120х60","Поддон 120*80","660","1.6","10.81","12.43"
"692","З-01072","Тротуарная плитка ""Сиена"" Колормикс Rio 120х120х60","Поддон 120*80","660","1.6","10.81","12.43"
"693","З-01073","Тротуарная плитка ""Сиена"" Колормикс Silver Ком-т: (3пл-120х120х60; 2пл.-100х120х60; 1пл.-140х120х60) S - 0.085м.кв.","Поддон 120*80","660","1.6","10.81","12.43"
"694","З-01074","Тротуарная плитка ""Сиена"" Колормикс Sunset 120х120х60","Поддон 120*80","660","1.6","10.81","12.43"
"695","З-01075","Тротуарная плитка ""Сиена"" Колормикс Terra 120х120х60","Поддон 120*80","660","1.6","10.81","12.43"
"","","Тротуарная плитка ""Сиена"" одноцветная","","","","",""
"696","З-01008","Тротуарная плитка ""Сиена"" серый 120х120х60","Поддон 120*80","660","1.6","7.21","8.289999999999999"
"697","З-01066","Тротуарная плитка ""Сиена"" Белый 120х120х60","Поддон 120*80","660","1.6","9.32","10.71"
"698","З-01067","Тротуарная плитка ""Сиена"" коричневый № 655 120х120х60","Поддон 120*80","660","1.6","7.77","8.93"
"699","З-01179","Тр. плитка ""Сиена"" оливковый 420 120х120х60","Поддон 120*80","660","1.6","7.77","8.93"
"700","З-01068","Тротуарная плитка ""Сиена"" элит (2% - 420) 120х120х60","Поддон 120*80","660","1.6","9.94","11.43"
"","","Тротуарная плитка ""Тревизо""","","","","",""
"","","Тротуарная плитка ""Тревизо"" без фаски","","","","",""
"","","Тротуарная плитка ""Тревизо"" без фаски Колормикс","","","","",""
"701","З-01044","Тротуарная плитка ""Тревизо"" без фаски Колормикс Blanco Ком-т:(500х170х60; 250х170х60; 400х130х60; 350х130х60) S-0.225м.кв.","Поддон 120*80","44"," ","194.38","223.42"
"702","З-01045","Тротуарная плитка ""Тревизо"" без фаски Колормикс Gold Ком-т:(500х170х60; 250х170х60; 400х130х60; 350х130х60) S-0.225м.кв.","Поддон 120*80","44"," ","194.38","223.42"
"703","З-01046","Тротуарная плитка ""Тревизо"" без фаски Колормикс Night Ком-т:(500х170х60; 250х170х60; 400х130х60; 350х130х60) S-0.225м.кв.","Поддон 120*80","44"," ","194.38","223.42"
"704","З-01047","Тротуарная плитка ""Тревизо"" без фаски Колормикс Rio Ком-т:(500х170х60; 250х170х60; 400х130х60; 350х130х60) S-0.225м.кв.","Поддон 120*80","44"," ","194.38","223.42"
"705","З-01048","Тротуарная плитка ""Тревизо"" без фаски Колормикс Silver Ком-т:(500х170х60; 250х170х60; 400х130х60; 350х130х60) S-0.225м.кв.","Поддон 120*80","44"," ","194.38","223.42"
"706","З-01049","Тротуарная плитка ""Тревизо"" без фаски Колормикс Sunset Ком-т:(500х170х60; 250х170х60; 400х130х60 ;350х130) S-0.225м.кв.","Поддон 120*80","44"," ","194.38","223.42"
"707","З-01050","Тротуарная плитка ""Тревизо"" без фаски Колормикс Terra Ком-т:(500х170х60; 250х170х60; 400х130х60; 350х130х60) S-0.225м.кв.","Поддон 120*80","44"," ","194.38","223.42"
"","","Тротуарная плитка ""Тревизо"" без фаски одноцветная","","","","",""
"708","З-01051","_Тротуарная плитка ""Тревизо"" без фаски серый Ком-т:(500х170х60; 250х170х60; 400х130х60; 350х130х60) S-0.225м.кв.","Поддон 120*80","44"," ","127.95","147.07"
"709","З-01052","Тротуарная плитка ""Тревизо"" без фаски бежевый № 960 Ком-т:(500х170х60; 250х170х60; 400х130х60; 350х130х60) S-0.225м.кв.","Поддон 120*80","44"," ","138.14","158.78"
"710","З-01053","Тротуарная плитка ""Тревизо"" без фаски Белый Ком-т:(500х170х60; 250х170х60; 400х130х60; 350х130х60) S-0.225м.кв.","Поддон 120*80","44"," ","163.42","187.84"
"711","З-01054","Тротуарная плитка ""Тревизо"" без фаски элит (2% - 420) Ком-т:(500х170х60; 250х170х60; 400х130х60; 350х130х60) S-0.225м.кв.","Поддон 120*80","44"," ","176.74","203.15"
"","","Тротуарная плитка ""Тревизо"" с фаской","","","","",""
"","","Тротуарная плитка ""Тревизо"" с фаской Колормикс","","","","",""
"712","З-01055","Тр. плитка ""Тревизо"" с фаской Колормикс Blanco Ком-т:(500х170;250х170;400х130;350х130) S-0.225м.кв.","Поддон 120*80","44"," ","194.38","223.42"
"713","З-01056","Тр. плитка ""Тревизо"" с фаской Колормикс Gold Ком-т:(500х170;250х170;400х130;350х130) S-0.225м.кв.","Поддон 120*80","44"," ","194.38","223.42"
"714","З-01057","Тр. плитка ""Тревизо"" с фаской Колормикс Night Ком-т:(500х170;250х170;400х130;350х130) S-0.225м.кв.","Поддон 120*80","44"," ","194.38","223.42"
"715","З-01058","Тр. плитка ""Тревизо"" с фаской Колормикс Rio Ком-т:(500х170;250х170;400х130;350х130) S-0.225м.кв.","Поддон 120*80","44"," ","194.38","223.42"
"716","З-01063","Тр. плитка ""Тревизо"" с фаской Колормикс Silver Ком-т:(500х170;250х170;400х130;350х130) S-0.225м.кв.","Поддон 120*80","44"," ","194.38","223.42"
"717","З-01064","Тр. плитка ""Тревизо"" с фаской Колормикс Sunset Ком-т:(500х170;250х170;400х130;350х130) S-0.225м.кв.","Поддон 120*80","44"," ","194.38","223.42"
"718","З-01065","Тр. плитка ""Тревизо"" с фаской Колормикс Terra Ком-т:(500х170;250х170;400х130;350х130) S-0.225м.кв.","Поддон 120*80","44"," ","194.38","223.42"
"","","Тротуарная плитка ""Тревизо"" с фаской одноцветная","","","","",""
"719","З-01061","Тр. плитка ""Тревизо"" с фаской Белый Ком-т:(500х170;250х170;400х130;350х130) S-0.225м.кв.","Поддон 120*80","44"," ","163.42","187.84"
"720","З-01060","Тр. плитка ""Тревизо"" с фаской коричневый № 655 Ком-т:(500х170;250х170;400х130;350х130) S-0.225м.кв.","Поддон 120*80","44"," ","138.14","158.78"
"721","З-01059","Тр. плитка ""Тревизо"" с фаской серый Ком-т:(500х170;250х170;400х130;350х130) S-0.225м.кв.","Поддон 120*80","44"," ","127.95","147.07"
"722","З-01062","Тр. плитка ""Тревизо"" с фаской элит (2% - 503) Ком-т:(500х170;250х170;400х130;350х130) S-0.225м.кв.","Поддон 120*80","44"," ","176.74","203.15"
"","","10. Патио","","","","",""
"","","_Барбекю  PATIO","","","","",""
"770","З-00622","Барбекю ""Grande"" Blanco"," "," ","4000","121550","143000"
"771","З-00623","Барбекю ""Grande"" Rio"," "," ","4000","121550","143000"
"772","З-00621","Барбекю ""Hogar"" Blanco"," "," ","2400","78540","92400"
"773","З-00624","Барбекю ""Hogar"" Rio"," "," ","2400","78540","92400"
"774","З-00821","Барбекю ""Massima"" Blanco"," "," ","6500","138380","162800"
"775","З-00822","Барбекю ""Massima"" Rio"," "," ","6500","138380","162800"
"776","З-00641","Барбекю ""Pasion"" Blanco"," "," ","3300","100980","118800"
"777","З-00640","Барбекю ""Pasion"" Rio"," "," ","3300","100980","118800"
"778","З-00643","Барбекю ""Sabroso"" Blanko"," "," ","3800","102850","121000"
"779","З-00642","Барбекю ""Sabroso"" Rio"," "," ","3800","102850","121000"
"","","_Барные стойки PATIO","","","","",""
"780","З-00601","Барная стойка ""Fiesta"" Blanco"," "," ","2600","42075","49500"
"781","З-00602","Барная стойка ""Fiesta"" Rio"," "," ","2600","42075","49500"
"782","З-00645","Барная стойка ""Verano""  Rio"," "," ","2300","46750","55000"
"783","З-00644","Барная стойка ""Verano"" Blanco"," "," ","2300","46750","55000"
"","","_Диваны PATIO","","","","",""
"784","З-00604","Диван ""Siesta"" Blanco"," "," ","2100","29920","35200"
"785","З-00605","Диван ""Siesta"" Rio"," "," ","2100","29920","35200"
"786","З-00607","Диван угловой ""Grande"" Blanco"," "," ","3100","43010","50600"
"787","З-00606","Диван угловой ""Grande"" Rio"," "," ","3100","43010","50600"
"","","_Камины PATIO","","","","",""
"788","З-00590","Камин ""Patio Calor"" Blanco"," "," ","2400","58905","69300"
"789","З-00589","Камин ""Patio Calor"" Rio"," "," ","2400","58905","69300"
"790","З-00515","Камин ""Patio Grande"" Blanco"," "," ","7100","121550","143000"
"791","З-00587","Камин ""Patio Grande"" Rio"," "," ","7100","121550","143000"
"792","З-00591","Камин ""Patio Milagro"" Blanco"," "," ","2305","63580","74800"
"793","З-00592","Камин ""Patio Milagro"" Rio"," "," ","2305","63580","74800"
"","","_Кострища  PATIO","","","","",""
"794","З-00616","Кострище ""Plaza"" Blanco"," "," ","350","16830","19800"
"795","З-00618","Кострище ""Plaza"" Rio"," "," ","350","16830","19800"
"796","З-00619","Кострище ""Roca"" Blanco"," "," ","450","16830","19800"
"797","З-00617","Кострище ""Roca"" Rio"," "," ","450","16830","19800"
"","","_Мангалы PATIO","","","","",""
"798","З-00647","Мангал ""Belleza""  Rio"," "," ","2700","58905","69300"
"799","З-00646","Мангал ""Belleza"" Blanco"," "," ","2700","58905","69300"
"800","З-00901","Мангал ""Comodo"" РД Rio"," "," ","700","30600","21500"
"801","З-00596","Мангал ""Estilo"" Blanco"," "," ","700","28050","33000"
"802","З-00597","Мангал ""Estilo"" Rio"," "," ","700","28050","33000"
"803","З-00595","Мангал ""Familia"" Blanco"," "," ","2300","58905","69300"
"804","З-00594","Мангал ""Familia"" Rio"," "," ","2300","28050","69300"
"805","З-00599","Мангал ""Fuego"" Blanco"," "," ","700","28050","33000"
"806","З-00598","Мангал ""Fuego"" Rio"," "," ","700","28050","33000"
"","","_Нестандартное изделие ""Патио""","","","","",""
"807","З-00959","Нестандартное изделие ""Патио"" Blanco"," "," "," "," "," "
"808","З-00978","Нестандартное изделие ""Патио"" Blanco Rio"," "," "," "," "," "
"","","_Стены и столбы PATIO","","","","",""
"809","З-00498","Садовый парапет Blanco"," "," ","200","2805","3300"
"810","З-00499","Садовый парапет Rio"," "," ","200","2805","3300"
"811","З-00651","Садовый парапет с крышкой Blanco"," "," ","250","3060","3600"
"812","З-00652","Садовый парапет с крышкой Rio"," "," ","250","3060","3600"
"813","З-00653","Садовый парапет с просветом Blanco"," "," ","200","2550","3000"
"814","З-00654","Садовый парапет с просветом Rio"," "," ","200","2550","3000"
"815","З-00502","Садовый светильник Blanco"," "," ","500","6715","7900"
"816","З-00506","Садовый светильник Rio"," "," ","500","6715","7900"
"817","З-00492","Садовый столбик Blanco"," "," ","400","4165","4900"
"818","З-00495","Садовый столбик Rio"," "," ","400","4165","4900"
"819","З-00655","Столб ограждения Blanco"," "," ","600","6120","7200"
"820","З-00941","Столб ограждения Gray"," "," ","600","5100","6000"
"821","З-00909","Столб ограждения Rio"," "," ","600","6120","7200"
"822","З-00898","Столб светильник Blanco"," "," ","500","7947.5","9350"
"823","З-00910","Столб светильник Rio"," "," ","500","7947.5","9350"
"","","_Столы PATIO","","","","",""
"824","З-00614","Стол барный ""Arte"" Blanco"," "," ","600","9350","11000"
"825","З-00613","Стол барный ""Arte"" Rio"," "," ","600","9350","11000"
"826","З-00611","Стол обеденный ""Lujo"" Blanco"," "," ","1000","14025","16500"
"827","З-00612","Стол обеденный ""Lujo"" Rio"," "," ","1000","14025","16500"
"828","З-00609","Стол обеденный ""Magia"" Blanco"," "," ","1000","14025","16500"
"829","З-00610","Стол обеденный ""Magia"" Rio"," "," ","1000","14025","16500"
"","","A-камень 10 х 10 х 20","","","","",""
"830","З-00881","_А-камень 10 х 10 х 20  Gray"," ","432","3.8","23.49","27"
"831","З-00370","А-камень 10 х 10 х 20  Rio"," ","432","3.8","30.45","35"
"832","З-00359","А-камень 10 х 10 х 20 Blanco"," ","432","3.8","33.06","38"
"","","B-камень 10 х 20 х 20","","","","",""
"833","З-00882","_B-Камень 10 х 20 х 20  Gray"," ","216","7.5","46.98","54"
"834","З-00511","B-Камень 10 х 20 х 20 Blanko"," ","216","7.5","66.12","76"
"835","З-00512","B-Камень 10 х 20 х 20 Rio"," ","216","7.5","60.9","70"
"","","C-камень 10 х 10 х 30","","","","",""
"836","З-00883","_C-Камень 10 х 10 х 30  Gray"," ","288","5.55","35.67","41"
"837","З-00525","C-Камень 10 х 10 х 30 Blanko"," ","288","5.55","49.59","57"
"838","З-00526","C-Камень 10 х 10 х 30 Rio"," ","288","5.55","49.59","53"
"","","D-камень 10 х 20 х 30","","","","",""
"839","З-00884","_D-камень 10 х 20 х 30   Gray"," ","144","11","71.34","82"
"840","З-00522","D-камень 10 х 20 х 30  Rio"," ","144","11","92.22","106"
"841","З-00523","D-камень 10 х 20 х 30 Blanco"," ","144","11","100.05","115"
"","","E-камень 100 х 124/192 х 192","","","","",""
"842","З-00528","Е-камень 100 х 124/192 х 192  Rio"," "," "," ","94.83","108"
"843","З-00529","Е-камень 100 х 124/192 х 192 Blanco"," "," "," ","115.71","133"
"","","F-камень 10 х 10 х 10 колотый","","","","",""
"844","З-00913","_F-камень 10 х 10 х 10 колотый  Gray"," ","864","1.9","12.18","14"
"845","З-00915","F-камень 10 х 10 х 10 колотый   Blanco"," ","864","1.9","20.01","23"
"846","З-00914","F-камень 10 х 10 х 10 колотый   Rio"," ","864","4","15.66","18"
"","","Бетонные столешницы PATIO","","","","",""
"847","З-00530","К 1 - крышка-столешница 15 х 30 х 5"," "," "," ","304.5","350"
"848","З-00537","К 2 - крышка-столешница 35 х 50 х 5"," "," "," ","852.6","980"
"849","З-00557","К 3 - крышка-столешница 40 х 50 х 5"," "," "," ","983.1","1130"
"850","З-00531","К 4 - крышка-столешница 45 х 60 х 5"," "," "," ","1374.6","1580"
"851","З-00538","К 5 - крышка-столешница 35 х 90 х 5"," "," "," ","1609.5","1850"
"852","З-00534","К 6 - крышка-столешница 50 х 70 х 5"," "," "," ","1783.5","2050"
"853","З-00535","К 7 - крышка-столешница 60 х 60 х 5"," "," "," ","1800.9","2070"
"854","З-00532","К 8 - крышка-столешница 45 х 110 х 5"," "," "," ","2740.5","3150"
"855","З-00540","К 9 - крышка-столешница 55 х 80 х 5"," "," "," ","2479.5","2850"
"856","З-00536","К10 - крышка-столешница 70 х 70 х 5"," "," "," ","2610","3000"
"857","З-00533","К11 - крышка-столешница 45 х 110 х 5"," "," "," ","2740.5","3150"
"858","З-00541","К12 - крышка-столешница 55 х 100 х 5"," "," "," ","2697","3100"
"859","З-00543","К13 - крышка-столешница 70 х 100 х 5"," "," "," ","3279.9","3770"
"860","З-00542","К14 - крышка-столешница 60 х 120 х 5"," "," "," ","3540.9","4070"
"861","З-00539","К15 - крышка-столешница 85 х 90 х 5"," "," "," ","3784.5","4350"
"862","З-00897","К21 - крышка-столешница 1700 х 600 х 6"," "," "," ","3915","4500"
"","","Деревянная вставка","","","","",""
"863","З-00648","ДВ 1 л - деревянная вставка левая (275*575*22)"," "," "," "," ","1490"
"864","З-00573","ДВ 1 п - деревянная вставка правая (275 х 575 х 22)"," "," "," "," ","1490"
"865","З-00558","ДВ 2 п - деревянная вставка правая (375 х 542 х 22)"," "," "," "," "," "
"866","З-00580","ДВ 3 л - деревянная вставка левая (475 х 542 х 22)"," "," "," "," ","1940"
"867","З-00579","ДВ 3 п - деревянная вставка правая (475 х 542 х 22)"," "," "," "," ","1940"
"","","Именной камень PATIO","","","","",""
"868","З-00887","Именной камень PATIO  Gray"," "," "," ","23.49","27"
"869","З-00517","Именной камень PATIO Blanco"," "," "," ","33.06","38"
"870","З-00518","Именной камень PATIO Rio"," "," "," ","30.45","35"
